id,time,session,participant,real_use,input,kind,lang,channel,confidence,english,output,shown,table_value,source,latency_ms,sign_ok,translation_ok,judged_at
,2026-09-30T18:25:02.945Z,,,,,prewarm,yo,1,,Good Morning,,,,fallback,18,,,
,2026-09-30T18:25:09.531Z,,,,,gesture,yo,2,88,My name is,,,,fallback,7,,,
,2026-09-30T18:25:22.964Z,,,,,gesture,yo,4,83,Hameed,Hameed,,,passthrough,0,,,
,2026-09-30T18:25:26.986Z,,,,,sentence,yo,,,My name is Hameed,,,,fallback,11,,,
,2026-09-30T18:25:29.752Z,,,,,gesture,yo,5,62,This is my work,,,,fallback,8,,,
,2026-09-30T18:25:35.144Z,,,,,gesture,yo,4,71,Hameed,Hameed,,,passthrough,0,,,
,2026-09-30T18:25:39.363Z,,,,,sentence,yo,,,This is my work Hameed,,,,fallback,202,,,
,2026-09-30T18:44:24.426Z,,,,,prewarm,yo,1,,Good Morning,Kí yóò ṣe tó o bá ti dàgbà,,,natlas,3828,,,
,2026-09-30T18:44:26.422Z,,,,,prewarm,yo,2,,My name is,Orukọ mi ni,,,natlas,1995,,,
,2026-09-30T18:44:28.572Z,,,,,prewarm,yo,3,,I am a student,Mo jẹ akẹkọ,,,natlas,2150,,,
,2026-09-30T18:44:30.721Z,,,,,prewarm,yo,5,,This is my work,Eyi ni iṣẹ́ mi,,,natlas,2148,,,
,2026-09-30T18:44:32.565Z,,,,,prewarm,yo,7,,Please,Jọwọ,,,natlas,1843,,,
,2026-09-30T18:44:34.711Z,,,,,prewarm,yo,8,,How are you,Bawo ni o se wa,,,natlas,2145,,,
,2026-09-30T18:44:37.178Z,,,,,prewarm,yo,9,,I need help,Mo nilo iranlọwọ,,,natlas,2467,,,
,2026-09-30T18:44:38.740Z,,,,,prewarm,yo,10,,Stop,Duro,,,natlas,1561,,,
,2026-09-30T18:44:56.882Z,,,,,prewarm,ha,1,,Good Morning,Barka da safiya,,,natlas,1977,,,
,2026-09-30T18:44:58.477Z,,,,,prewarm,ha,2,,My name is,Sunana,,,natlas,1594,,,
,2026-09-30T18:45:00.214Z,,,,,prewarm,ha,3,,I am a student,Ni dalibi ne,,,natlas,1736,,,
,2026-09-30T18:45:02.359Z,,,,,prewarm,ha,5,,This is my work,Wannan shine aikina,,,natlas,2145,,,
,2026-09-30T18:45:04.206Z,,,,,prewarm,ha,7,,Please,Don Allah,,,natlas,1847,,,
,2026-09-30T18:45:06.067Z,,,,,prewarm,ha,8,,How are you,Yaya kake?,,,natlas,1860,,,
,2026-09-30T18:45:08.268Z,,,,,prewarm,ha,9,,I need help,Ina bukatar taimako,,,natlas,2200,,,
,2026-09-30T18:45:10.113Z,,,,,prewarm,ha,10,,Stop,Kada ku yi,,,natlas,1844,,,
,2026-09-30T18:45:48.896Z,,,,,gesture,ha,2,99,My name is,Sunana,,,cache,0,,,
,2026-09-30T18:45:50.764Z,,,,,gesture,ha,6,67,FUTminna,FUTminna,,,passthrough,0,,,
,2026-09-30T18:45:56.455Z,,,,,gesture,ha,4,99,Hameed,Hameed,,,passthrough,0,,,
,2026-09-30T18:45:56.789Z,,,,,sentence,ha,,,My name is FUTminna,,,,fallback,2015,,,
,2026-09-30T18:46:13.065Z,,,,,gesture,ha,2,99,My name is,Sunana,,,cache,0,,,
,2026-09-30T18:46:16.066Z,,,,,gesture,ha,1,85,Good Morning,Barka da safiya,,,cache,0,,,
,2026-09-30T18:46:24.085Z,,,,,sentence,ha,,,Hameed My name is Good Morning,,,,fallback,4013,,,
,2026-09-30T18:46:47.902Z,,,,,prewarm,ig,1,,Good Morning,,,,fallback,12594,,,
,2026-09-30T18:46:48.916Z,,,,,gesture,ig,10,67,Stop,,,,fallback,7530,,,
,2026-09-30T18:47:02.390Z,,,,,gesture,ig,1,99,Good Morning,,,,fallback,10303,,,
,2026-09-30T18:47:02.431Z,,,,,gesture,ig,1,99,Good Morning,,,,fallback,12223,,,
,2026-09-30T18:47:16.092Z,,,,,gesture,ig,5,89,This is my work,,,,fallback,12202,,,
,2026-09-30T18:47:16.150Z,,,,,sentence,ig,,,Stop Good Morning,,,,fallback,9751,,,
,2026-09-30T18:47:16.152Z,,,,,gesture,ig,3,99,I am a student,,,,fallback,8066,,,
,2026-09-30T18:47:16.157Z,,,,,gesture,ig,3,91,I am a student,,,,fallback,5490,,,
,2026-09-30T18:47:29.117Z,,,,,sentence,ig,,,This is my work I am a student,,,,fallback,8959,,,
,2026-09-30T18:47:29.119Z,,,,,gesture,ig,1,61,Good Morning,,,,fallback,7409,,,
,2026-09-30T18:47:29.168Z,,,,,gesture,ig,7,66,Please,,,,fallback,10322,,,
,2026-09-30T18:47:29.184Z,,,,,gesture,ig,7,84,Please,,,,fallback,12276,,,
,2026-09-30T18:47:37.368Z,,,,,gesture,ig,4,84,Hameed,Hameed,,,passthrough,0,,,
,2026-09-30T18:47:45.376Z,,,,,sentence,ig,,,Good Morning Please,,,,fallback,12185,,,
,2026-09-30T18:48:13.608Z,,,,,gesture,ig,4,99,Hameed,Hameed,,,passthrough,0,,,
,2026-09-30T18:48:18.374Z,,,,,gesture,ig,5,88,This is my work,,,,fallback,8725,,,
,2026-09-30T18:48:18.402Z,,,,,sentence,ig,,,Hameed Hameed,,,,fallback,780,,,
,2026-09-30T18:48:18.403Z,,,,,gesture,ig,2,99,My name is,,,,fallback,774,,,
,2026-09-30T18:48:19.546Z,,,,,gesture,ig,6,99,FUTminna,FUTminna,,,passthrough,0,,,
,2026-09-30T18:48:21.547Z,,,,,gesture,ig,6,99,FUTminna,FUTminna,,,passthrough,0,,,
,2026-09-30T18:48:30.335Z,,,,,sentence,ig,,,This is my work My name is FUTminna FUTminna,Nke a bụ ọrụ m Aha m bụ FUTminna FUTminna,,,natlas,4208,,,
,2026-09-30T18:48:53.871Z,,,,,gesture,ig,6,99,FUTminna,FUTminna,,,passthrough,0,,,
,2026-09-30T18:48:56.869Z,,,,,gesture,ig,6,99,FUTminna,FUTminna,,,passthrough,0,,,
,2026-09-30T18:49:03.518Z,,,,,sentence,ig,,,FUTminna FUTminna,FUTminna FUTminna,,,passthrough,2629,,,
,2026-09-30T18:49:12.855Z,,,,,prewarm,ig,1,,Good Morning,Ụtụtụ ọma,,,natlas,3655,,,
,2026-09-30T18:49:15.807Z,,,,,prewarm,ig,2,,My name is,Aha m bụ,,,natlas,2952,,,
,2026-09-30T18:49:18.599Z,,,,,prewarm,ig,3,,I am a student,Abụ m akwụkwọ,,,natlas,2791,,,
,2026-09-30T18:49:19.607Z,,,,,gesture,ig,2,99,My name is,Aha m bụ,,,cache,0,,,
,2026-09-30T18:49:21.085Z,,,,,prewarm,ig,5,,This is my work,Nke a bụ ọrụ m,,,natlas,2486,,,
,2026-09-30T18:49:22.879Z,,,,,prewarm,ig,7,,Please,Biko,,,natlas,1793,,,
,2026-09-30T18:49:24.170Z,,,,,gesture,ig,6,99,FUTminna,FUTminna,,,passthrough,0,,,
,2026-09-30T18:49:26.782Z,,,,,prewarm,ig,8,,How are you,Gịnị ka ị na-adị?,,,natlas,3903,,,
,2026-09-30T18:49:31.170Z,,,,,prewarm,ig,9,,I need help,M ga-achọ enyemaka,,,natlas,4387,,,
,2026-09-30T18:49:32.087Z,,,,,sentence,ig,,,My name is FUTminna,Aha m bụ FUTminna,,,natlas,3906,,,
,2026-09-30T18:49:32.749Z,,,,,gesture,ig,2,99,My name is,Aha m bụ,,,cache,0,,,
,2026-09-30T18:49:32.984Z,,,,,prewarm,ig,10,,Stop,Kwụsị,,,natlas,1813,,,
,2026-09-30T18:51:19.970Z,,,,,gesture,ig,3,99,I am a student,Abụ m akwụkwọ,,,cache,0,,,
,2026-09-30T18:51:27.690Z,,,,,sentence,ig,,,My name is I am a student,"Aha m bụ, abụ m nwa akwụkwọ",,,natlas,3714,,,
,2026-09-30T18:51:34.794Z,,,,,prewarm,ha,1,,Good Morning,Barka da safiya,,,cache,0,,,
,2026-09-30T18:51:34.794Z,,,,,prewarm,ha,2,,My name is,Sunana,,,cache,0,,,
,2026-09-30T18:51:34.795Z,,,,,prewarm,ha,3,,I am a student,Ni dalibi ne,,,cache,0,,,
,2026-09-30T18:51:34.795Z,,,,,prewarm,ha,5,,This is my work,Wannan shine aikina,,,cache,0,,,
,2026-09-30T18:51:34.795Z,,,,,prewarm,ha,7,,Please,Don Allah,,,cache,0,,,
,2026-09-30T18:51:34.796Z,,,,,prewarm,ha,8,,How are you,Yaya kake?,,,cache,0,,,
,2026-09-30T18:51:34.796Z,,,,,prewarm,ha,9,,I need help,Ina bukatar taimako,,,cache,0,,,
,2026-09-30T18:51:34.796Z,,,,,prewarm,ha,10,,Stop,Kada ku yi,,,cache,0,,,
,2026-09-30T18:51:38.360Z,,,,,prewarm,yo,1,,Good Morning,Kí yóò ṣe tó o bá ti dàgbà,,,cache,0,,,
,2026-09-30T18:51:38.360Z,,,,,prewarm,yo,2,,My name is,Orukọ mi ni,,,cache,0,,,
,2026-09-30T18:51:38.361Z,,,,,prewarm,yo,3,,I am a student,Mo jẹ akẹkọ,,,cache,0,,,
,2026-09-30T18:51:38.361Z,,,,,prewarm,yo,5,,This is my work,Eyi ni iṣẹ́ mi,,,cache,0,,,
,2026-09-30T18:51:38.361Z,,,,,prewarm,yo,7,,Please,Jọwọ,,,cache,0,,,
,2026-09-30T18:51:38.361Z,,,,,prewarm,yo,8,,How are you,Bawo ni o se wa,,,cache,0,,,
,2026-09-30T18:51:38.362Z,,,,,prewarm,yo,9,,I need help,Mo nilo iranlọwọ,,,cache,0,,,
,2026-09-30T18:51:38.362Z,,,,,prewarm,yo,10,,Stop,Duro,,,cache,0,,,
,2026-09-30T18:51:48.234Z,,,,,gesture,yo,1,98,Good Morning,Kí yóò ṣe tó o bá ti dàgbà,,,cache,0,,,
,2026-09-30T18:52:01.732Z,,,,,gesture,yo,5,99,This is my work,Eyi ni iṣẹ́ mi,,,cache,0,,,
,2026-09-30T18:52:05.031Z,,,,,gesture,yo,5,99,This is my work,Eyi ni iṣẹ́ mi,,,cache,0,,,
,2026-09-30T18:52:07.553Z,,,,,gesture,yo,5,99,This is my work,Eyi ni iṣẹ́ mi,,,cache,0,,,
,2026-09-30T18:52:10.312Z,,,,,gesture,yo,5,99,This is my work,Eyi ni iṣẹ́ mi,,,cache,0,,,
,2026-09-30T18:52:18.293Z,,,,,gesture,yo,5,77,This is my work,Eyi ni iṣẹ́ mi,,,cache,0,,,
,2026-09-30T18:52:19.208Z,,,,,sentence,yo,,,Good Morning This is my work This is my work This is my work This is my work,Bawo ni o se wa? Eyi ni iṣẹ mi. Eyi ni iṣẹ mi. Eyi ni iṣẹ mi. Eyi ni iṣẹ mi.,,,natlas,4876,,,
,2026-09-30T18:52:27.231Z,,,,,gesture,yo,1,95,Good Morning,Kí yóò ṣe tó o bá ti dàgbà,,,cache,0,,,
,2026-09-30T18:52:29.172Z,,,,,gesture,yo,1,94,Good Morning,Kí yóò ṣe tó o bá ti dàgbà,,,cache,0,,,
,2026-09-30T18:52:33.051Z,,,,,gesture,yo,1,97,Good Morning,Kí yóò ṣe tó o bá ti dàgbà,,,cache,0,,,
,2026-09-30T18:52:37.671Z,,,,,gesture,yo,2,99,My name is,Orukọ mi ni,,,cache,0,,,
,2026-09-30T18:52:40.419Z,,,,,sentence,yo,,,This is my work Good Morning Good Morning Good Morning,Ẹ ku ojo oni,,,natlas,3361,,,
,2026-09-30T18:52:43.193Z,,,,,gesture,yo,6,63,FUTminna,FUTminna,,,passthrough,0,,,
,2026-09-30T18:52:47.273Z,,,,,gesture,yo,2,99,My name is,Orukọ mi ni,,,cache,0,,,
,2026-09-30T18:52:49.399Z,,,,,sentence,yo,,,My name is FUTminna,Orúkọ mi ni FUTMINNA,,,natlas,2192,,,
,2026-09-30T18:52:50.033Z,,,,,gesture,yo,2,99,My name is,Orukọ mi ni,,,cache,0,,,
,2026-09-30T18:52:56.673Z,,,,,sentence,yo,,,My name is My name is,Orúkọ mi ni Orúkọ mi ni,,,natlas,2625,,,
,2026-09-30T18:52:56.946Z,,,,,gesture,yo,6,99,FUTminna,FUTminna,,,passthrough,0,,,
,2026-09-30T18:52:59.076Z,,,,,prewarm,yo,1,,Good Morning,Kí yóò ṣe tó o bá ti dàgbà,,,cache,0,,,
,2026-09-30T18:52:59.076Z,,,,,prewarm,yo,2,,My name is,Orukọ mi ni,,,cache,0,,,
,2026-09-30T18:52:59.076Z,,,,,prewarm,yo,3,,I am a student,Mo jẹ akẹkọ,,,cache,0,,,
,2026-09-30T18:52:59.077Z,,,,,prewarm,yo,5,,This is my work,Eyi ni iṣẹ́ mi,,,cache,0,,,
,2026-09-30T18:52:59.077Z,,,,,prewarm,yo,7,,Please,Jọwọ,,,cache,0,,,
,2026-09-30T18:52:59.077Z,,,,,prewarm,yo,8,,How are you,Bawo ni o se wa,,,cache,0,,,
,2026-09-30T18:52:59.078Z,,,,,prewarm,yo,9,,I need help,Mo nilo iranlọwọ,,,cache,0,,,
,2026-09-30T18:52:59.078Z,,,,,prewarm,yo,10,,Stop,Duro,,,cache,0,,,
,2026-09-30T18:53:03.833Z,,,,,gesture,yo,3,99,I am a student,Mo jẹ akẹkọ,,,cache,0,,,
,2026-09-30T18:53:10.014Z,,,,,sentence,yo,,,FUTminna I am a student,FUTminna Akẹkọọ ni mi,,,natlas,2173,,,
,2026-09-30T18:57:15.900Z,,,,,gesture,yo,4,99,Hameed,Hameed,,,passthrough,0,,,
,2026-09-30T19:30:36.645Z,,,,,prewarm,ha,1,,Good Morning,Barka da safiya,,,cache,0,,,
,2026-09-30T19:30:36.646Z,,,,,prewarm,ha,2,,My name is,Sunana,,,cache,0,,,
,2026-09-30T19:30:36.646Z,,,,,prewarm,ha,3,,I am a student,Ni dalibi ne,,,cache,0,,,
,2026-09-30T19:30:36.646Z,,,,,prewarm,ha,5,,This is my work,Wannan shine aikina,,,cache,0,,,
,2026-09-30T19:30:36.647Z,,,,,prewarm,ha,7,,Please,Don Allah,,,cache,0,,,
,2026-09-30T19:30:36.647Z,,,,,prewarm,ha,8,,How are you,Yaya kake?,,,cache,0,,,
,2026-09-30T19:30:36.647Z,,,,,prewarm,ha,9,,I need help,Ina bukatar taimako,,,cache,0,,,
,2026-09-30T19:30:36.648Z,,,,,prewarm,ha,10,,Stop,Kada ku yi,,,cache,0,,,
,2026-09-30T19:30:38.626Z,,,,,prewarm,ig,1,,Good Morning,Ụtụtụ ọma,,,cache,0,,,
,2026-09-30T19:30:38.626Z,,,,,prewarm,ig,2,,My name is,Aha m bụ,,,cache,0,,,
,2026-09-30T19:30:38.626Z,,,,,prewarm,ig,3,,I am a student,Abụ m akwụkwọ,,,cache,0,,,
,2026-09-30T19:30:38.627Z,,,,,prewarm,ig,5,,This is my work,Nke a bụ ọrụ m,,,cache,0,,,
,2026-09-30T19:30:38.627Z,,,,,prewarm,ig,7,,Please,Biko,,,cache,0,,,
,2026-09-30T19:30:38.627Z,,,,,prewarm,ig,8,,How are you,Gịnị ka ị na-adị?,,,cache,0,,,
,2026-09-30T19:30:38.628Z,,,,,prewarm,ig,9,,I need help,M ga-achọ enyemaka,,,cache,0,,,
,2026-09-30T19:30:38.628Z,,,,,prewarm,ig,10,,Stop,Kwụsị,,,cache,0,,,
,2026-09-30T19:30:55.188Z,,,,,gesture,ig,5,99,This is my work,Nke a bụ ọrụ m,,,cache,0,,,
,2026-09-30T19:30:58.515Z,,,,,gesture,ig,5,99,This is my work,Nke a bụ ọrụ m,,,cache,0,,,
,2026-09-30T19:31:00.453Z,,,,,gesture,ig,5,99,This is my work,Nke a bụ ọrụ m,,,cache,0,,,
,2026-09-30T19:31:29.470Z,,,,,sentence,ig,,,Hameed This is my work This is my work This is my work,,,,fallback,25011,,,
1,2026-10-02T16:29:49.195Z,t45gp1,P01,no,,prewarm,yo,1,,Good Morning,Kí yóò ṣe tó o,Kí yóò ṣe tó o,Ẹ kú àárọ̀,natlas,4046,,,
2,2026-10-02T16:29:51.033Z,t45gp1,P01,no,,prewarm,yo,2,,My name is,Orukọ mi ni,Orukọ mi ni,Orukọ mi ni,natlas,1835,,,
3,2026-10-02T16:29:53.223Z,t45gp1,P01,no,,prewarm,yo,3,,I am a student,Mo jẹ akẹ́kọ̀ọ́,Mo jẹ akẹ́kọ̀ọ́,Akẹkọọ ni mi,natlas,2188,,,
4,2026-10-02T16:29:55.325Z,t45gp1,P01,no,,prewarm,yo,5,,This is my work,Eyi ni iṣẹ́ mi,Eyi ni iṣẹ́ mi,Iṣẹ mi ni eyi,natlas,2100,,,
5,2026-10-02T16:29:57.174Z,t45gp1,P01,no,,prewarm,yo,7,,Please,Jọwọ,Jọwọ,Ẹ jọwọ,natlas,1849,,,
6,2026-10-02T16:29:59.323Z,t45gp1,P01,no,,prewarm,yo,8,,How are you,Bawo ni o se wa?,Bawo ni o se wa?,Bawo ni?,natlas,2148,,,
7,2026-10-02T16:30:01.334Z,t45gp1,P01,no,,prewarm,yo,9,,I need help,Mo nilo iranlọwọ,Mo nilo iranlọwọ,Mo nilo iranlọwọ,natlas,2011,,,
8,2026-10-02T16:30:02.892Z,t45gp1,P01,no,,prewarm,yo,10,,Stop,Duro,Duro,Duro,natlas,1557,,,
9,2026-10-02T16:30:12.824Z,t45gp1,P01,yes,,gesture,yo,5,62,This is my work,Eyi ni iṣẹ́ mi,Eyi ni iṣẹ́ mi,Iṣẹ mi ni eyi,cache,0,yes,yes,
10,2026-10-02T16:30:42.579Z,t45gp1,P01,yes,,gesture,yo,5,99,This is my work,Eyi ni iṣẹ́ mi,Eyi ni iṣẹ́ mi,Iṣẹ mi ni eyi,cache,0,,,
11,2026-10-02T16:30:49.086Z,t45gp1,P01,yes,,sentence,yo,,,This is my work This is my work,Eyi ni iṣẹ́ mi,Eyi ni iṣẹ́ mi,,natlas,2491,,,
12,2026-10-02T16:30:52.124Z,t45gp1,P01,yes,,gesture,yo,9,99,I need help,Mo nilo iranlọwọ,Mo nilo iranlọwọ,Mo nilo iranlọwọ,cache,0,,,
13,2026-10-02T16:30:54.159Z,t45gp1,P01,yes,,gesture,yo,9,99,I need help,Mo nilo iranlọwọ,Mo nilo iranlọwọ,Mo nilo iranlọwọ,cache,0,yes,yes,
14,2026-10-02T16:31:01.065Z,t45gp1,P01,yes,,sentence,yo,,,I need help I need help,Mo nilo iranlọwọ Mo nilo iranlọwọ,Mo nilo iranlọwọ Mo nilo iranlọwọ,,natlas,2895,,,
15,2026-10-02T16:31:10.058Z,t45gp1,P01,yes,,gesture,yo,7,99,Please,Jọwọ,Jọwọ,Ẹ jọwọ,cache,0,yes,yes,
16,2026-10-02T16:31:33.280Z,t45gp1,P01,yes,,gesture,yo,2,74,My name is,Orukọ mi ni,Orukọ mi ni,Orukọ mi ni,cache,0,,,
17,2026-10-02T16:31:38.601Z,t45gp1,P01,yes,,gesture,yo,4,93,Hameed,Hameed,Hameed,Hameed,passthrough,0,no,,
18,2026-10-02T16:31:39.323Z,t45gp1,P01,yes,,sentence,yo,,,Please My name is,"Jowo, Orukọ mi ni","Jowo, Orukọ mi ni",,natlas,2033,,,
19,2026-10-02T16:31:56.601Z,t45gp1,P01,yes,,gesture,yo,2,78,My name is,Orukọ mi ni,Orukọ mi ni,Orukọ mi ni,cache,0,yes,yes,
20,2026-10-02T16:32:03.178Z,t45gp1,P01,yes,,sentence,yo,,,Hameed My name is,Hameed Ọrùkọ mi ni,Hameed Ọrùkọ mi ni,,natlas,2569,,,
21,2026-10-02T16:32:14.602Z,t45gp1,P01,yes,,gesture,yo,7,75,Please,Jọwọ,Jọwọ,Ẹ jọwọ,cache,0,,,
22,2026-10-02T16:32:22.942Z,t45gp1,P01,yes,,gesture,yo,5,99,This is my work,Eyi ni iṣẹ́ mi,Eyi ni iṣẹ́ mi,Iṣẹ mi ni eyi,cache,0,,,
23,2026-10-02T16:32:29.239Z,t45gp1,P01,yes,,sentence,yo,,,Please This is my work,Jọwọ Eyi ni iṣẹ́ mi,Jọwọ Eyi ni iṣẹ́ mi,,natlas,2282,,,
24,2026-10-02T16:32:39.801Z,t45gp1,P01,yes,,gesture,yo,2,99,My name is,Orukọ mi ni,Orukọ mi ni,Orukọ mi ni,cache,0,,,
25,2026-10-02T16:32:45.141Z,t45gp1,P01,yes,,gesture,yo,5,75,This is my work,Eyi ni iṣẹ́ mi,Eyi ni iṣẹ́ mi,Iṣẹ mi ni eyi,cache,0,,,
26,2026-10-02T16:32:51.659Z,t45gp1,P01,yes,,sentence,yo,,,My name is This is my work,Orukọ mi ni eyi ni iṣẹ́ mi,Orukọ mi ni eyi ni iṣẹ́ mi,,natlas,2501,,,
27,2026-10-02T16:32:52.462Z,t45gp1,P01,yes,,gesture,yo,5,81,This is my work,Eyi ni iṣẹ́ mi,Eyi ni iṣẹ́ mi,Iṣẹ mi ni eyi,cache,0,,,
28,2026-10-02T16:32:55.582Z,t45gp1,P01,yes,,gesture,yo,5,89,This is my work,Eyi ni iṣẹ́ mi,Eyi ni iṣẹ́ mi,Iṣẹ mi ni eyi,cache,0,,,
29,2026-10-02T16:32:59.598Z,t45gp1,P01,yes,,sentence,yo,,,This is my work This is my work,Eyi ni iṣẹ́ mi,Eyi ni iṣẹ́ mi,,cache,0,,,
30,2026-10-02T16:33:00.801Z,t45gp1,P01,yes,,gesture,yo,5,82,This is my work,Eyi ni iṣẹ́ mi,Eyi ni iṣẹ́ mi,Iṣẹ mi ni eyi,cache,0,,,
31,2026-10-02T16:33:05.422Z,t45gp1,P01,yes,,gesture,yo,5,75,This is my work,Eyi ni iṣẹ́ mi,Eyi ni iṣẹ́ mi,Iṣẹ mi ni eyi,cache,0,,,
32,2026-10-02T16:33:08.302Z,t45gp1,P01,yes,,gesture,yo,5,99,This is my work,Eyi ni iṣẹ́ mi,Eyi ni iṣẹ́ mi,Iṣẹ mi ni eyi,cache,0,,,
33,2026-10-02T16:33:12.202Z,t45gp1,P01,yes,,gesture,yo,3,99,I am a student,Mo jẹ akẹ́kọ̀ọ́,Mo jẹ akẹ́kọ̀ọ́,Akẹkọọ ni mi,cache,0,,,
34,2026-10-02T16:33:14.542Z,t45gp1,P01,yes,,gesture,yo,5,99,This is my work,Eyi ni iṣẹ́ mi,Eyi ni iṣẹ́ mi,Iṣẹ mi ni eyi,cache,0,,,
35,2026-10-02T16:33:17.661Z,t45gp1,P01,yes,,gesture,yo,3,99,I am a student,Mo jẹ akẹ́kọ̀ọ́,Mo jẹ akẹ́kọ̀ọ́,Akẹkọọ ni mi,cache,0,yes,yes,
36,2026-10-02T16:33:23.422Z,t45gp1,P01,yes,,gesture,yo,5,99,This is my work,Eyi ni iṣẹ́ mi,Eyi ni iṣẹ́ mi,Iṣẹ mi ni eyi,cache,0,,,
37,2026-10-02T16:33:25.301Z,t45gp1,P01,yes,,gesture,yo,4,99,Hameed,Hameed,Hameed,Hameed,passthrough,0,,,
38,2026-10-02T16:33:27.403Z,t45gp1,P01,yes,,gesture,yo,4,78,Hameed,Hameed,Hameed,Hameed,passthrough,0,,,
39,2026-10-02T16:33:27.605Z,t45gp1,P01,yes,,sentence,yo,,,This is my work This is my work This is my work I am a student This is my work I am a student,Eyi ni iṣẹ́ mi Eyi ni iṣẹ́ mi Eyi ni iṣẹ́ mi Akẹ́kọ̀ọ́ ni mí Eyi ni iṣẹ́ mi Akẹ́kọ̀ọ́ ni mí,Eyi ni iṣẹ́ mi Eyi ni iṣẹ́ mi Eyi ni iṣẹ́ mi Akẹ́kọ̀ọ́ ni mí Eyi ni iṣẹ́ mi Akẹ́kọ̀ọ́ ni mí,,natlas,5924,,,
40,2026-10-02T16:33:29.782Z,t45gp1,P01,yes,,gesture,yo,4,70,Hameed,Hameed,Hameed,Hameed,passthrough,0,,,
41,2026-10-02T16:33:31.665Z,t45gp1,P01,yes,,gesture,yo,5,99,This is my work,Eyi ni iṣẹ́ mi,Eyi ni iṣẹ́ mi,Iṣẹ mi ni eyi,cache,0,,,
42,2026-10-02T16:33:35.062Z,t45gp1,P01,yes,,gesture,yo,5,84,This is my work,Eyi ni iṣẹ́ mi,Eyi ni iṣẹ́ mi,Iṣẹ mi ni eyi,cache,0,,,
43,2026-10-02T16:33:37.644Z,t45gp1,P01,yes,,gesture,yo,4,61,Hameed,Hameed,Hameed,Hameed,passthrough,0,,,
44,2026-10-02T16:33:46.033Z,t45gp1,P01,yes,,sentence,yo,,,This is my work Hameed Hameed Hameed This is my work This is my work Hameed,Eyi ni iṣẹ́ mi Hameed Hameed Hameed Eyi ni iṣẹ́ mi Eyi ni iṣẹ́ mi Hameed,Eyi ni iṣẹ́ mi Hameed Hameed Hameed Eyi ni iṣẹ́ mi Eyi ni iṣẹ́ mi Hameed,,natlas,4368,,,
45,2026-10-02T16:33:53.099Z,t45gp1,P01,no,,prewarm,ha,1,,Good Morning,Barka da safiya,Barka da safiya,Ina kwana,natlas,2092,,,
46,2026-10-02T16:33:54.658Z,t45gp1,P01,no,,prewarm,ha,2,,My name is,Sunana,Sunana,Sunana,natlas,1557,,,
47,2026-10-02T16:33:56.475Z,t45gp1,P01,no,,prewarm,ha,3,,I am a student,Ni dalibi ne,Ni dalibi ne,Ni ɗalibi ne,natlas,1814,,,
48,2026-10-02T16:34:01.092Z,t45gp1,P01,yes,,gesture,ig,5,87,This is my work,Nke a bụ ọrụ m,Nke a bụ ọrụ m,Nke a bụ ọrụ m,natlas,2329,yes,yes,
49,2026-10-02T16:34:18.144Z,t45gp1,P01,yes,,gesture,ig,6,99,FUTminna,FUTminna,FUTminna,FUTminna,passthrough,0,,,
50,2026-10-02T16:34:22.881Z,t45gp1,P01,yes,,gesture,ig,4,88,Hameed,Hameed,Hameed,Hameed,passthrough,0,,,
51,2026-10-02T16:34:25.962Z,t45gp1,P01,yes,,sentence,ig,,,This is my work FUTminna,Nke a bụ ọrụ m FUTminna,Nke a bụ ọrụ m FUTminna,,natlas,3794,,,
52,2026-10-02T16:34:28.736Z,t45gp1,P01,yes,,gesture,ig,2,86,My name is,Aha m bụ,Aha m bụ,Aha m bụ,natlas,1954,,,
53,2026-10-02T16:34:30.606Z,t45gp1,P01,yes,,gesture,ig,2,68,My name is,Aha m bụ,Aha m bụ,Aha m bụ,natlas,1884,yes,yes,
54,2026-10-02T16:34:36.748Z,t45gp1,P01,yes,,sentence,ig,,,Hameed My name is My name is,Hameed Aha m bụ Aha m bụ,Hameed Aha m bụ Aha m bụ,,natlas,2119,,,
55,2026-10-02T16:34:41.303Z,t45gp1,P01,yes,,gesture,ig,5,95,This is my work,Nke a bụ ọrụ m,Nke a bụ ọrụ m,Nke a bụ ọrụ m,cache,0,,,
56,2026-10-02T16:34:44.663Z,t45gp1,P01,yes,,gesture,ig,4,87,Hameed,Hameed,Hameed,Hameed,passthrough,0,no,no,
57,2026-10-02T16:34:51.171Z,t45gp1,P01,yes,,sentence,ig,,,This is my work Hameed,Nke a bụ ọrụ m bụ Hameed,Nke a bụ ọrụ m bụ Hameed,,natlas,2486,,,
58,2026-10-02T16:34:54.143Z,t45gp1,P01,yes,,gesture,ig,5,90,This is my work,Nke a bụ ọrụ m,Nke a bụ ọrụ m,Nke a bụ ọrụ m,cache,0,,,
59,2026-10-02T16:35:01.823Z,t45gp1,P01,yes,,gesture,ig,5,98,This is my work,Nke a bụ ọrụ m,Nke a bụ ọrụ m,Nke a bụ ọrụ m,cache,0,,,
60,2026-10-02T16:35:08.675Z,t45gp1,P01,yes,,sentence,ig,,,This is my work This is my work,Nke a bụ ọrụ m Nke a bụ ọrụ m,Nke a bụ ọrụ m Nke a bụ ọrụ m,,natlas,2829,,,
61,2026-10-02T16:35:09.601Z,t45gp1,P01,yes,,gesture,ig,3,99,I am a student,Abụ m akwụkwọ,Abụ m akwụkwọ,Abụ m nwa akwụkwọ,natlas,2198,,,
62,2026-10-02T16:35:11.244Z,t45gp1,P01,yes,,gesture,ig,3,99,I am a student,Abụ m akwụkwọ,Abụ m akwụkwọ,Abụ m nwa akwụkwọ,cache,0,yes,yes,
63,2026-10-02T16:35:18.042Z,t45gp1,P01,yes,,sentence,ig,,,I am a student I am a student,Abụ m nwa akwụkwọ Abụ m nwa akwụkwọ,Abụ m nwa akwụkwọ Abụ m nwa akwụkwọ,,natlas,2785,,,
64,2026-10-02T16:35:28.343Z,t45gp1,P01,yes,,gesture,ig,5,99,This is my work,Nke a bụ ọrụ m,Nke a bụ ọrụ m,Nke a bụ ọrụ m,cache,0,,,
65,2026-10-02T16:35:33.324Z,t45gp1,P01,yes,,gesture,ig,5,99,This is my work,Nke a bụ ọrụ m,Nke a bụ ọrụ m,Nke a bụ ọrụ m,cache,0,,,
66,2026-10-02T16:35:37.284Z,t45gp1,P01,yes,,gesture,ig,5,95,This is my work,Nke a bụ ọrụ m,Nke a bụ ọrụ m,Nke a bụ ọrụ m,cache,0,,,
67,2026-10-02T16:35:39.864Z,t45gp1,P01,yes,,gesture,ig,5,87,This is my work,Nke a bụ ọrụ m,Nke a bụ ọrụ m,Nke a bụ ọrụ m,cache,0,,,
68,2026-10-02T16:35:44.724Z,t45gp1,P01,yes,,gesture,ig,5,97,This is my work,Nke a bụ ọrụ m,Nke a bụ ọrụ m,Nke a bụ ọrụ m,cache,0,,,
69,2026-10-02T16:35:47.739Z,t45gp1,P01,yes,,sentence,ig,,,This is my work This is my work This is my work This is my work,Nke a bụ ọrụ m Nke a bụ ọrụ m Nke a bụ ọrụ m Nke a bụ ọrụ m,Nke a bụ ọrụ m Nke a bụ ọrụ m Nke a bụ ọrụ m Nke a bụ ọrụ m,,natlas,3856,,,
70,2026-10-02T16:35:48.143Z,t45gp1,P01,yes,,gesture,ig,5,80,This is my work,Nke a bụ ọrụ m,Nke a bụ ọrụ m,Nke a bụ ọrụ m,cache,0,,,
71,2026-10-02T16:35:52.162Z,t45gp1,P01,yes,,sentence,ig,,,This is my work This is my work,Nke a bụ ọrụ m Nke a bụ ọrụ m,Nke a bụ ọrụ m Nke a bụ ọrụ m,,cache,0,,,
72,2026-10-02T16:35:55.063Z,t45gp1,P01,yes,,gesture,ig,1,99,Good Morning,Ụtụtụ ọma,Ụtụtụ ọma,Ụtụtụ ọma,natlas,2300,,,
73,2026-10-02T16:35:57.924Z,t45gp1,P01,yes,,gesture,ig,5,99,This is my work,Nke a bụ ọrụ m,Nke a bụ ọrụ m,Nke a bụ ọrụ m,cache,0,,,
74,2026-10-02T16:36:03.084Z,t45gp1,P01,yes,,gesture,ig,5,99,This is my work,Nke a bụ ọrụ m,Nke a bụ ọrụ m,Nke a bụ ọrụ m,cache,0,,,
75,2026-10-02T16:36:04.890Z,t45gp1,P01,yes,,sentence,ig,,,Good Morning This is my work,Ụtụtụ ọma Nke a bụ ihe m na-arụ,Ụtụtụ ọma Nke a bụ ihe m na-arụ,,natlas,2948,,,
76,2026-10-02T16:36:06.564Z,t45gp1,P01,yes,,gesture,ig,4,62,Hameed,Hameed,Hameed,Hameed,passthrough,0,,,
77,2026-10-02T16:36:08.442Z,t45gp1,P01,yes,,gesture,ig,5,99,This is my work,Nke a bụ ọrụ m,Nke a bụ ọrụ m,Nke a bụ ọrụ m,cache,0,,,
78,2026-10-02T16:36:15.645Z,t45gp1,P01,yes,,sentence,ig,,,This is my work Hameed This is my work,Nke a bụ ọrụ m Hameed Nke a bụ ọrụ m,Nke a bụ ọrụ m Hameed Nke a bụ ọrụ m,,natlas,3180,,,
79,2026-10-02T16:36:16.404Z,t45gp1,P01,yes,,gesture,ig,5,78,This is my work,Nke a bụ ọrụ m,Nke a bụ ọrụ m,Nke a bụ ọrụ m,cache,0,,,
80,2026-10-02T16:36:18.403Z,t45gp1,P01,yes,,gesture,ig,4,99,Hameed,Hameed,Hameed,Hameed,passthrough,0,,,
81,2026-10-02T16:36:20.724Z,t45gp1,P01,yes,,gesture,ig,5,99,This is my work,Nke a bụ ọrụ m,Nke a bụ ọrụ m,Nke a bụ ọrụ m,cache,0,,,
82,2026-10-02T16:36:23.013Z,t45gp1,P01,yes,,gesture,ig,1,79,Good Morning,Ụtụtụ ọma,Ụtụtụ ọma,Ụtụtụ ọma,cache,0,yes,yes,
83,2026-10-02T16:36:30.692Z,t45gp1,P01,yes,,sentence,ig,,,This is my work Hameed This is my work Good Morning,Nke a bụ ọrụ m Hamisu Nke a bụ ọrụ m Ụtụtụ ọma,Nke a bụ ọrụ m Hamisu Nke a bụ ọrụ m Ụtụtụ ọma,,natlas,3651,,,
84,2026-10-02T16:36:34.824Z,t45gp1,P01,yes,,gesture,ig,5,99,This is my work,Nke a bụ ọrụ m,Nke a bụ ọrụ m,Nke a bụ ọrụ m,cache,0,,,
85,2026-10-02T16:36:39.385Z,t45gp1,P01,yes,,gesture,ig,3,99,I am a student,Abụ m akwụkwọ,Abụ m akwụkwọ,Abụ m nwa akwụkwọ,cache,0,,,
86,2026-10-02T16:36:46.344Z,t45gp1,P01,yes,,gesture,ig,3,99,I am a student,Abụ m akwụkwọ,Abụ m akwụkwọ,Abụ m nwa akwụkwọ,cache,0,,,
87,2026-10-02T16:36:47.286Z,t45gp1,P01,yes,,sentence,ig,,,This is my work I am a student,Nke a bụ ọrụ m abụ m nwa akwụkwọ,Nke a bụ ọrụ m abụ m nwa akwụkwọ,,natlas,3878,,,
88,2026-10-02T16:37:00.798Z,t45gp1,P01,yes,,gesture,ig,7,99,Please,Biko,Biko,Biko,natlas,1733,,,
89,2026-10-02T16:37:01.524Z,t45gp1,P01,yes,,gesture,ig,7,94,Please,Biko,Biko,Biko,cache,0,,,
90,2026-10-02T16:37:03.524Z,t45gp1,P01,yes,,gesture,ig,5,75,This is my work,Nke a bụ ọrụ m,Nke a bụ ọrụ m,Nke a bụ ọrụ m,cache,0,,,
91,2026-10-02T16:37:08.245Z,t45gp1,P01,yes,,gesture,ig,7,99,Please,Biko,Biko,Biko,cache,0,,,
92,2026-10-02T16:37:10.628Z,t45gp1,P01,yes,,sentence,ig,,,I am a student Please This is my work,Abụ m nwa akwụkwọ Biko Nke a bụ ọrụ m,Abụ m nwa akwụkwọ Biko Nke a bụ ọrụ m,,natlas,3074,,,
93,2026-10-02T16:37:11.303Z,t45gp1,P01,yes,,gesture,ig,7,90,Please,Biko,Biko,Biko,cache,0,,,
94,2026-10-02T16:37:13.244Z,t45gp1,P01,yes,,gesture,ig,7,67,Please,Biko,Biko,Biko,cache,0,yes,yes,
95,2026-10-02T16:37:19.228Z,t45gp1,P01,yes,,sentence,ig,,,Please Please Please,Biko Biko Biko,Biko Biko Biko,,natlas,1962,,,
96,2026-10-02T16:37:31.354Z,t45gp1,P01,no,,prewarm,ha,1,,Good Morning,Barka da safiya,Barka da safiya,Ina kwana,cache,0,,,
97,2026-10-02T16:37:31.355Z,t45gp1,P01,no,,prewarm,ha,2,,My name is,Sunana,Sunana,Sunana,cache,0,,,
98,2026-10-02T16:37:31.356Z,t45gp1,P01,no,,prewarm,ha,3,,I am a student,Ni dalibi ne,Ni dalibi ne,Ni ɗalibi ne,cache,0,,,
99,2026-10-02T16:37:33.672Z,t45gp1,P01,no,,prewarm,ha,5,,This is my work,Wannan shine aikina,Wannan shine aikina,Wannan shine aiki na,natlas,2315,,,
100,2026-10-02T16:37:35.520Z,t45gp1,P01,no,,prewarm,ha,7,,Please,Don Allah,Don Allah,Don Allah,natlas,1845,,,
101,2026-10-02T16:37:37.355Z,t45gp1,P01,no,,prewarm,ha,8,,How are you,Yaya kake?,Yaya kake?,Yaya kake?,natlas,1832,,,
102,2026-10-02T16:37:39.508Z,t45gp1,P01,no,,prewarm,ha,9,,I need help,Ina bukatar taimako,Ina bukatar taimako,Ina buƙatar taimako,natlas,2150,,,
103,2026-10-02T16:37:41.351Z,t45gp1,P01,no,,prewarm,ha,10,,Stop,Kare,Kare,Tsaya,natlas,1841,,,
104,2026-10-02T16:37:50.425Z,t45gp1,P01,yes,,gesture,ha,5,99,This is my work,Wannan shine aikina,Wannan shine aikina,Wannan shine aiki na,cache,0,,,
105,2026-10-02T16:37:52.304Z,t45gp1,P01,yes,,gesture,ha,5,99,This is my work,Wannan shine aikina,Wannan shine aikina,Wannan shine aiki na,cache,0,yes,yes,
106,2026-10-02T16:37:58.859Z,t45gp1,P01,yes,,sentence,ha,,,This is my work This is my work,Wannan shine aikina Wannan shine aikina,Wannan shine aikina Wannan shine aikina,,natlas,2539,,,
107,2026-10-02T16:38:08.065Z,t45gp1,P01,yes,,gesture,ha,5,99,This is my work,Wannan shine aikina,Wannan shine aikina,Wannan shine aiki na,cache,0,,,
108,2026-10-02T16:38:10.354Z,t45gp1,P01,yes,,gesture,ha,5,99,This is my work,Wannan shine aikina,Wannan shine aikina,Wannan shine aiki na,cache,0,,,
109,2026-10-02T16:38:14.369Z,t45gp1,P01,yes,,sentence,ha,,,This is my work This is my work,Wannan shine aikina Wannan shine aikina,Wannan shine aikina Wannan shine aikina,,cache,0,,,
110,2026-10-02T16:38:18.446Z,t45gp1,P01,yes,,gesture,ha,4,89,Hameed,Hameed,Hameed,Hameed,passthrough,0,,,
111,2026-10-02T16:38:21.564Z,t45gp1,P01,yes,,gesture,ha,4,95,Hameed,Hameed,Hameed,Hameed,passthrough,0,,,
112,2026-10-02T16:38:24.746Z,t45gp1,P01,yes,,gesture,ha,5,99,This is my work,Wannan shine aikina,Wannan shine aikina,Wannan shine aiki na,cache,0,,,
113,2026-10-02T16:38:27.506Z,t45gp1,P01,yes,,gesture,ha,4,99,Hameed,Hameed,Hameed,Hameed,passthrough,0,,,
114,2026-10-02T16:38:29.627Z,t45gp1,P01,yes,,gesture,ha,1,72,Good Morning,Barka da safiya,Barka da safiya,Ina kwana,cache,0,,,
115,2026-10-02T16:38:31.545Z,t45gp1,P01,yes,,gesture,ha,5,62,This is my work,Wannan shine aikina,Wannan shine aikina,Wannan shine aiki na,cache,0,,,
116,2026-10-02T16:38:33.647Z,t45gp1,P01,yes,,gesture,ha,4,99,Hameed,Hameed,Hameed,Hameed,passthrough,0,,,
117,2026-10-02T16:38:35.623Z,t45gp1,P01,yes,,gesture,ha,5,68,This is my work,Wannan shine aikina,Wannan shine aikina,Wannan shine aiki na,cache,0,,,
118,2026-10-02T16:38:37.728Z,t45gp1,P01,yes,,gesture,ha,5,62,This is my work,Wannan shine aikina,Wannan shine aikina,Wannan shine aiki na,cache,0,,,
119,2026-10-02T16:38:44.544Z,t45gp1,P01,yes,,gesture,ha,5,71,This is my work,Wannan shine aikina,Wannan shine aikina,Wannan shine aiki na,cache,0,,,
120,2026-10-02T16:38:46.485Z,t45gp1,P01,yes,,gesture,ha,5,99,This is my work,Wannan shine aikina,Wannan shine aikina,Wannan shine aiki na,cache,0,,,
121,2026-10-02T16:38:47.093Z,t45gp1,P01,yes,,sentence,ha,,,Hameed Hameed This is my work Hameed Good Morning This is my work Hameed This is my work This is my work,Hameed Hameed Wannan shine aikina Hameed Barka da safiya Wannan shine aikina Hameed Wannan shine aikin nawa Wannan shine aikin nawa,Hameed Hameed Wannan shine aikina Hameed Barka da safiya Wannan shine aikina Hameed Wannan shine aikin nawa Wannan shine aikin nawa,,natlas,5346,,,
122,2026-10-02T16:38:48.587Z,t45gp1,P01,yes,,gesture,ha,1,71,Good Morning,Barka da safiya,Barka da safiya,Ina kwana,cache,0,,,
123,2026-10-02T16:38:50.565Z,t45gp1,P01,yes,,gesture,ha,5,64,This is my work,Wannan shine aikina,Wannan shine aikina,Wannan shine aiki na,cache,0,,,
124,2026-10-02T16:38:52.544Z,t45gp1,P01,yes,,gesture,ha,5,63,This is my work,Wannan shine aikina,Wannan shine aikina,Wannan shine aiki na,cache,0,,,
125,2026-10-02T16:38:54.647Z,t45gp1,P01,yes,,gesture,ha,1,60,Good Morning,Barka da safiya,Barka da safiya,Ina kwana,cache,0,yes,no,
126,2026-10-02T16:39:04.466Z,t45gp1,P01,yes,,gesture,ha,5,99,This is my work,Wannan shine aikina,Wannan shine aikina,Wannan shine aiki na,cache,0,,,
127,2026-10-02T16:39:06.816Z,t45gp1,P01,yes,,sentence,ha,,,This is my work This is my work Good Morning This is my work This is my work Good Morning,Wannan shine aikina Wannan shine aikina Barka da safiya Wannan shine aikina Wannan shine aikina Barka da safiya Wannan shine aikina Wannan shine aikina Barka da safiya Wannan shine aikina Wannan shine aikina Barka da safiya Wannan shine aikina Wannan shine aikina,Wannan shine aikina Wannan shine aikina Barka da safiya Wannan shine aikina Wannan shine aikina Barka da safiya Wannan shine aikina Wannan shine aikina Barka da safiya Wannan shine aikina Wannan shine aikina Barka da safiya Wannan shine aikina Wannan shine aikina,,natlas,8142,,,
128,2026-10-02T16:39:07.104Z,t45gp1,P01,yes,,gesture,ha,5,93,This is my work,Wannan shine aikina,Wannan shine aikina,Wannan shine aiki na,cache,0,,,
129,2026-10-02T16:39:11.122Z,t45gp1,P01,yes,,sentence,ha,,,This is my work This is my work,Wannan shine aikina Wannan shine aikina,Wannan shine aikina Wannan shine aikina,,cache,0,,,
130,2026-10-02T16:39:12.026Z,t45gp1,P01,yes,,gesture,ha,5,99,This is my work,Wannan shine aikina,Wannan shine aikina,Wannan shine aiki na,cache,0,,,
131,2026-10-02T16:39:21.508Z,t45gp1,P01,yes,,gesture,ha,5,99,This is my work,Wannan shine aikina,Wannan shine aikina,Wannan shine aiki na,cache,0,,,
132,2026-10-02T16:39:25.530Z,t45gp1,P01,yes,,sentence,ha,,,This is my work This is my work,Wannan shine aikina Wannan shine aikina,Wannan shine aikina Wannan shine aikina,,cache,0,,,
133,2026-10-02T16:39:26.306Z,t45gp1,P01,yes,,gesture,ha,5,67,This is my work,Wannan shine aikina,Wannan shine aikina,Wannan shine aiki na,cache,0,,,
134,2026-10-02T16:39:39.686Z,t45gp1,P01,yes,,gesture,ha,9,99,I need help,Ina bukatar taimako,Ina bukatar taimako,Ina buƙatar taimako,cache,0,,,
135,2026-10-02T16:39:41.625Z,t45gp1,P01,yes,,gesture,ha,9,99,I need help,Ina bukatar taimako,Ina bukatar taimako,Ina buƙatar taimako,cache,0,yes,no,
136,2026-10-02T16:39:49.143Z,t45gp1,P01,yes,,sentence,ha,,,This is my work I need help I need help,Wannan shine aikina ina bukatar taimako ina bukatar taimako,Wannan shine aikina ina bukatar taimako ina bukatar taimako,,natlas,3502,,,
137,2026-10-02T16:40:07.955Z,t45gp1,P01,no,,prewarm,ig,1,,Good Morning,Ụtụtụ ọma,Ụtụtụ ọma,Ụtụtụ ọma,cache,0,,,
138,2026-10-02T16:40:07.956Z,t45gp1,P01,no,,prewarm,ig,2,,My name is,Aha m bụ,Aha m bụ,Aha m bụ,cache,0,,,
139,2026-10-02T16:40:07.957Z,t45gp1,P01,no,,prewarm,ig,3,,I am a student,Abụ m akwụkwọ,Abụ m akwụkwọ,Abụ m nwa akwụkwọ,cache,0,,,
140,2026-10-02T16:40:07.957Z,t45gp1,P01,no,,prewarm,ig,5,,This is my work,Nke a bụ ọrụ m,Nke a bụ ọrụ m,Nke a bụ ọrụ m,cache,0,,,
141,2026-10-02T16:40:07.958Z,t45gp1,P01,no,,prewarm,ig,7,,Please,Biko,Biko,Biko,cache,0,,,
142,2026-10-02T16:40:10.658Z,t45gp1,P01,no,,prewarm,ig,8,,How are you,Gịnị ka gị?,Gịnị ka gị?,Kedu ka ị mere?,natlas,2698,,,
143,2026-10-02T16:40:12.802Z,t45gp1,P01,no,,prewarm,ig,9,,I need help,M na-achọ enyemaka,M na-achọ enyemaka,Achọrọ m enyemaka,natlas,2140,,,
144,2026-10-02T16:40:14.639Z,t45gp1,P01,yes,,gesture,ig,9,99,I need help,M ga-achọ enyemaka,M ga-achọ enyemaka,Achọrọ m enyemaka,natlas,2192,yes,no,
145,2026-10-02T16:40:15.260Z,t45gp1,P01,no,,prewarm,ig,10,,Stop,Kwụsị,Kwụsị,Kwụsị,natlas,2456,,,
146,2026-10-02T16:59:22.153Z,t45gp1,P01,no,,prewarm,yo,1,,Good Morning,Kí yóò ṣe tó o,Kí yóò ṣe tó o,Ẹ kú àárọ̀,cache,0,,,
147,2026-10-02T16:59:22.159Z,t45gp1,P01,no,,prewarm,yo,2,,My name is,Orukọ mi ni,Orukọ mi ni,Orukọ mi ni,cache,0,,,
148,2026-10-02T16:59:22.160Z,t45gp1,P01,no,,prewarm,yo,3,,I am a student,Mo jẹ akẹ́kọ̀ọ́,Mo jẹ akẹ́kọ̀ọ́,Akẹkọọ ni mi,cache,0,,,
149,2026-10-02T16:59:22.161Z,t45gp1,P01,no,,prewarm,yo,5,,This is my work,Eyi ni iṣẹ́ mi,Eyi ni iṣẹ́ mi,Iṣẹ mi ni eyi,cache,0,,,
150,2026-10-02T16:59:22.163Z,t45gp1,P01,no,,prewarm,yo,7,,Please,Jọwọ,Jọwọ,Ẹ jọwọ,cache,0,,,
151,2026-10-02T16:59:22.164Z,t45gp1,P01,no,,prewarm,yo,8,,How are you,Bawo ni o se wa?,Bawo ni o se wa?,Bawo ni?,cache,0,,,
152,2026-10-02T16:59:22.164Z,t45gp1,P01,no,,prewarm,yo,9,,I need help,Mo nilo iranlọwọ,Mo nilo iranlọwọ,Mo nilo iranlọwọ,cache,0,,,
153,2026-10-02T16:59:22.166Z,t45gp1,P01,no,,prewarm,yo,10,,Stop,Duro,Duro,Duro,cache,0,,,
154,2026-10-02T23:43:27.575Z,lnnzxf,P01,yes,,gesture,en,1,77,Good Morning,Good Morning,Good Morning,Good Morning,passthrough,0,,,
155,2026-10-02T23:43:39.613Z,lnnzxf,P01,yes,,gesture,en,5,72,This is my work,This is my work,This is my work,This is my work,passthrough,0,,,
156,2026-10-02T23:43:43.256Z,lnnzxf,P01,yes,,gesture,en,2,99,My name is,My name is,My name is,My name is,passthrough,0,,,
157,2026-10-02T23:43:45.254Z,lnnzxf,P01,yes,,gesture,en,6,72,FUTminna,FUTminna,FUTminna,FUTminna,passthrough,0,,,
158,2026-10-02T23:44:01.033Z,lnnzxf,P01,yes,,gesture,en,8,68,How are you,How are you,How are you,How are you,passthrough,0,,,
159,2026-10-03T00:02:06.567Z,ey5j2k,P01,no,,prewarm,yo,1,,Good Morning,Bawo ni,Bawo ni,Ẹ kú àárọ̀,natlas,2120,,,
160,2026-10-03T00:02:08.302Z,ey5j2k,P01,no,,prewarm,yo,2,,My name is,Orukọ mi ni,Orukọ mi ni,Orukọ mi ni,natlas,1734,,,
161,2026-10-03T00:02:10.371Z,ey5j2k,P01,no,,prewarm,yo,3,,I am a student,Mo jẹ akẹ́kọ̀ọ́,Mo jẹ akẹ́kọ̀ọ́,Akẹkọọ ni mi,natlas,2068,,,
162,2026-10-03T00:02:12.546Z,ey5j2k,P01,no,,prewarm,yo,5,,This is my work,Eyi ni iṣẹ́ mi,Eyi ni iṣẹ́ mi,Iṣẹ mi ni eyi,natlas,2174,,,
163,2026-10-03T00:02:14.423Z,ey5j2k,P01,no,,prewarm,yo,7,,Please,Jowo,Jowo,Ẹ jọwọ,natlas,1875,,,
164,2026-10-03T00:02:16.458Z,ey5j2k,P01,no,,prewarm,yo,8,,How are you,Bawo ni o se wa?,Bawo ni o se wa?,Bawo ni?,natlas,2034,,,
165,2026-10-03T00:02:18.421Z,ey5j2k,P01,no,,prewarm,yo,9,,I need help,Mo nilo iranlọwọ,Mo nilo iranlọwọ,Mo nilo iranlọwọ,natlas,1962,,,
166,2026-10-03T00:02:19.893Z,ey5j2k,P01,no,,prewarm,yo,10,,Stop,Duro,Duro,Duro,natlas,1471,,,
167,2026-10-03T00:02:31.943Z,ey5j2k,P01,yes,,gesture,yo,5,72,This is my work,Eyi ni iṣẹ́ mi,Eyi ni iṣẹ́ mi,Iṣẹ mi ni eyi,cache,0,,,
168,2026-10-03T00:02:40.143Z,ey5j2k,P01,yes,,gesture,yo,2,99,My name is,Orukọ mi ni,Orukọ mi ni,Orukọ mi ni,cache,0,,,
169,2026-10-03T00:02:42.083Z,ey5j2k,P01,yes,,gesture,yo,2,97,My name is,Orukọ mi ni,Orukọ mi ni,Orukọ mi ni,cache,0,yes,yes,2026-10-03T00:02:55.884Z
170,2026-10-03T00:02:50.389Z,ey5j2k,P01,yes,,sentence,yo,,,This is my work My name is My name is,Eyi ni iṣẹ́ mi Orukọ mi ni Orukọ mi ni,Eyi ni iṣẹ́ mi Orukọ mi ni Orukọ mi ni,,natlas,4290,,,
171,2026-10-03T00:03:19.383Z,ey5j2k,P01,yes,,gesture,yo,8,99,How are you,Bawo ni o se wa?,Bawo ni o se wa?,Bawo ni?,cache,0,yes,yes,2026-10-03T00:03:27.777Z
172,2026-10-03T00:03:30.964Z,ey5j2k,P01,yes,,gesture,yo,8,99,How are you,Bawo ni o se wa?,Bawo ni o se wa?,Bawo ni?,cache,0,yes,yes,2026-10-03T00:03:36.510Z
173,2026-10-03T00:03:37.609Z,ey5j2k,P01,yes,,sentence,yo,,,How are you How are you,Bawo ni o se wa Bawo ni o se wa,Bawo ni o se wa Bawo ni o se wa,,natlas,2627,,,
174,2026-10-03T00:03:49.924Z,ey5j2k,P01,yes,,gesture,yo,2,99,My name is,Orukọ mi ni,Orukọ mi ni,Orukọ mi ni,cache,0,,,
175,2026-10-03T00:03:52.744Z,ey5j2k,P01,yes,,gesture,yo,5,79,This is my work,Eyi ni iṣẹ́ mi,Eyi ni iṣẹ́ mi,Iṣẹ mi ni eyi,cache,0,,,
176,2026-10-03T00:04:00.188Z,ey5j2k,P01,yes,,sentence,yo,,,My name is This is my work,Orukọ mi ni eyi ni iṣẹ́ mi,Orukọ mi ni eyi ni iṣẹ́ mi,,natlas,3427,,,
177,2026-10-03T00:04:11.104Z,ey5j2k,P01,yes,,gesture,yo,1,99,Good Morning,Bawo ni,Bawo ni,Ẹ kú àárọ̀,cache,0,yes,no,2026-10-03T00:04:24.928Z
178,2026-10-03T00:04:33.527Z,ey5j2k,P01,no,,prewarm,ha,1,,Good Morning,Barka da safiya,Barka da safiya,Ina kwana,natlas,1983,,,
179,2026-10-03T00:04:35.192Z,ey5j2k,P01,no,,prewarm,ha,2,,My name is,Sunana,Sunana,Sunana,natlas,1663,,,
180,2026-10-03T00:04:35.525Z,ey5j2k,P01,yes,,gesture,ha,1,99,Good Morning,Barka da safiya,Barka da safiya,Ina kwana,cache,0,yes,no,2026-10-03T00:04:42.390Z
181,2026-10-03T00:04:38.601Z,ey5j2k,P01,no,,prewarm,ha,3,,I am a student,Ni dalibi ne,Ni dalibi ne,Ni ɗalibi ne,natlas,3408,,,
182,2026-10-03T00:04:40.729Z,ey5j2k,P01,no,,prewarm,ha,5,,This is my work,Wannan shine aikina,Wannan shine aikina,Wannan shine aiki na,natlas,2127,,,
183,2026-10-03T00:04:42.252Z,ey5j2k,P01,yes,,sentence,ha,,,Good Morning Good Morning,Barka da safiya barka da safiya,Barka da safiya barka da safiya,,natlas,2720,,,
184,2026-10-03T00:04:42.693Z,ey5j2k,P01,no,,prewarm,ha,7,,Please,Don Allah,Don Allah,Don Allah,natlas,1962,,,
185,2026-10-03T00:04:44.717Z,ey5j2k,P01,no,,prewarm,ha,8,,How are you,Yaya kake?,Yaya kake?,Yaya kake?,natlas,2023,,,
186,2026-10-03T00:04:46.265Z,ey5j2k,P01,yes,,gesture,ha,2,68,My name is,Sunana,Sunana,Sunana,cache,0,,,
187,2026-10-03T00:04:48.103Z,ey5j2k,P01,no,,prewarm,ha,9,,I need help,Ina bukatar taimako,Ina bukatar taimako,Ina buƙatar taimako,natlas,3385,,,
188,2026-10-03T00:04:48.204Z,ey5j2k,P01,yes,,gesture,ha,2,99,My name is,Sunana,Sunana,Sunana,cache,0,yes,yes,2026-10-03T00:04:52.526Z
189,2026-10-03T00:04:50.146Z,ey5j2k,P01,no,,prewarm,ha,10,,Stop,Kare,Kare,Tsaya,natlas,2042,,,
190,2026-10-03T00:04:54.835Z,ey5j2k,P01,yes,,sentence,ha,,,My name is My name is,Sunana Sunana,Sunana Sunana,,natlas,2613,,,
191,2026-10-03T00:04:54.905Z,ey5j2k,P01,yes,,gesture,ha,4,95,Hameed,Hameed,Hameed,Hameed,passthrough,0,,,
192,2026-10-03T00:04:56.844Z,ey5j2k,P01,yes,,gesture,ha,5,78,This is my work,Wannan shine aikina,Wannan shine aikina,Wannan shine aiki na,cache,0,yes,yes,2026-10-03T00:05:05.484Z
193,2026-10-03T00:05:03.614Z,ey5j2k,P01,yes,,sentence,ha,,,Hameed This is my work,Hameed Wannan shine aikina,Hameed Wannan shine aikina,,natlas,2754,,,
194,2026-10-03T00:05:17.166Z,ey5j2k,P01,yes,,gesture,ha,2,83,My name is,Sunana,Sunana,Sunana,cache,0,,,
195,2026-10-03T00:05:33.185Z,ey5j2k,P01,yes,,gesture,ha,4,74,Hameed,Hameed,Hameed,Hameed,passthrough,0,yes,no,2026-10-03T00:05:45.084Z
196,2026-10-03T00:05:38.847Z,ey5j2k,P01,yes,,sentence,ha,,,My name is Hameed,Sunana Hamisu,Sunana Hamisu,,natlas,1652,,,
197,2026-10-03T00:06:03.486Z,ey5j2k,P01,yes,,gesture,ha,2,99,My name is,Sunana,Sunana,Sunana,cache,0,,,
198,2026-10-03T00:06:54.127Z,ey5j2k,P01,yes,,gesture,ha,2,99,My name is,Sunana,Sunana,Sunana,cache,0,,,
199,2026-10-03T00:06:57.066Z,ey5j2k,P01,yes,,gesture,ha,3,93,I am a student,Ni dalibi ne,Ni dalibi ne,Ni ɗalibi ne,cache,0,,,
200,2026-10-03T00:07:02.287Z,ey5j2k,P01,yes,,gesture,ha,7,62,Please,Don Allah,Don Allah,Don Allah,cache,0,yes,yes,2026-10-03T00:07:10.608Z
201,2026-10-03T00:07:03.577Z,ey5j2k,P01,yes,,sentence,ha,,,My name is My name is I am a student,Sunana Sunana Ni ɗalibi ne,Sunana Sunana Ni ɗalibi ne,,natlas,2499,,,
202,2026-10-03T00:07:22.507Z,ey5j2k,P01,yes,,gesture,ha,5,99,This is my work,Wannan shine aikina,Wannan shine aikina,Wannan shine aiki na,cache,0,,,
203,2026-10-03T00:07:29.563Z,ey5j2k,P0,yes,,sentence,ha,,,Please This is my work,Don Allah wannan shine aikina,Don Allah wannan shine aikina,,natlas,3041,,,
204,2026-10-03T00:07:39.548Z,ey5j2k,P02,yes,,gesture,ha,5,99,This is my work,Wannan shine aikina,Wannan shine aikina,Wannan shine aiki na,cache,0,,,
205,2026-10-03T00:07:44.781Z,ey5j2k,P02,no,,prewarm,ig,1,,Good Morning,Ụtụtụ ọma,Ụtụtụ ọma,Ụtụtụ ọma,natlas,2235,,,
206,2026-10-03T00:07:47.381Z,ey5j2k,P02,no,,prewarm,ig,2,,My name is,Aha m bụ,Aha m bụ,Aha m bụ,natlas,2599,,,
207,2026-10-03T00:07:49.406Z,ey5j2k,P02,no,,prewarm,ig,3,,I am a student,Abụ m akwụkwọ,Abụ m akwụkwọ,Abụ m nwa akwụkwọ,natlas,2023,,,
208,2026-10-03T00:07:51.586Z,ey5j2k,P02,no,,prewarm,ig,5,,This is my work,Nke a bụ ọrụ m,Nke a bụ ọrụ m,Nke a bụ ọrụ m,natlas,2179,,,
209,2026-10-03T00:07:53.213Z,ey5j2k,P02,no,,prewarm,ig,7,,Please,Biko,Biko,Biko,natlas,1625,,,
210,2026-10-03T00:07:55.661Z,ey5j2k,P02,no,,prewarm,ig,8,,How are you,Gịnị ka ị na-adị?,Gịnị ka ị na-adị?,Kedu ka ị mere?,natlas,2447,,,
211,2026-10-03T00:07:57.926Z,ey5j2k,P02,no,,prewarm,ig,9,,I need help,M na-achọ enyemaka,M na-achọ enyemaka,Achọrọ m enyemaka,natlas,2265,,,
212,2026-10-03T00:07:58.688Z,ey5j2k,P02,yes,,gesture,ig,3,99,I am a student,Abụ m akwụkwọ,Abụ m akwụkwọ,Abụ m nwa akwụkwọ,cache,0,yes,no,2026-10-03T00:08:09.672Z
213,2026-10-03T00:08:00.566Z,ey5j2k,P02,no,,prewarm,ig,10,,Stop,Kwụsị,Kwụsị,Kwụsị,natlas,2638,,,
214,2026-10-03T00:08:05.415Z,ey5j2k,P02,yes,,sentence,ig,,,This is my work I am a student,Nke a bụ ọrụ m abụ m nwa akwụkwọ,Nke a bụ ọrụ m abụ m nwa akwụkwọ,,natlas,2712,,,
215,2026-10-03T00:08:18.368Z,ey5j2k,P02,yes,,gesture,ig,5,86,This is my work,Nke a bụ ọrụ m,Nke a bụ ọrụ m,Nke a bụ ọrụ m,cache,0,yes,yes,2026-10-03T00:08:37.749Z
216,2026-10-03T00:08:48.849Z,ey5j2k,P02,yes,,gesture,ig,7,69,Please,Biko,Biko,Biko,cache,0,,,
217,2026-10-03T00:08:50.728Z,ey5j2k,P02,yes,,gesture,ig,7,99,Please,Biko,Biko,Biko,cache,0,yes,yes,2026-10-03T00:08:54.476Z
218,2026-10-03T00:08:58.166Z,ey5j2k,P02,yes,,sentence,ig,,,This is my work Please Please,Nke a bụ ọrụ m Biko biko,Nke a bụ ọrụ m Biko biko,,natlas,3421,,,
219,2026-10-03T00:09:39.429Z,ey5j2k,P02,yes,,gesture,ig,1,99,Good Morning,Ụtụtụ ọma,Ụtụtụ ọma,Ụtụtụ ọma,cache,0,yes,yes,2026-10-03T00:09:46.212Z
220,2026-10-03T00:10:06.130Z,ey5j2k,P02,yes,,gesture,ig,9,99,I need help,M na-achọ enyemaka,M na-achọ enyemaka,Achọrọ m enyemaka,cache,0,yes,no,2026-10-03T00:11:23.452Z
221,2026-10-03T00:10:13.836Z,ey5j2k,P02,yes,,sentence,ig,,,Good Morning I need help,"Ụtụtụ ọma, achọrọ m enyemaka","Ụtụtụ ọma, achọrọ m enyemaka",,natlas,3686,,,
222,2026-10-03T00:16:16.053Z,ey5j2k,P03,yes,,gesture,ig,2,99,My name is,Aha m bụ,Aha m bụ,Aha m bụ,cache,0,yes,yes,2026-10-03T00:16:22.499Z
223,2026-10-03T00:16:24.846Z,ey5j2k,P03,no,,prewarm,yo,1,,Good Morning,Bawo ni,Bawo ni,Ẹ kú àárọ̀,cache,0,,,
224,2026-10-03T00:16:24.848Z,ey5j2k,P03,no,,prewarm,yo,2,,My name is,Orukọ mi ni,Orukọ mi ni,Orukọ mi ni,cache,0,,,
225,2026-10-03T00:16:24.849Z,ey5j2k,P03,no,,prewarm,yo,3,,I am a student,Mo jẹ akẹ́kọ̀ọ́,Mo jẹ akẹ́kọ̀ọ́,Akẹkọọ ni mi,cache,0,,,
226,2026-10-03T00:16:24.851Z,ey5j2k,P03,no,,prewarm,yo,5,,This is my work,Eyi ni iṣẹ́ mi,Eyi ni iṣẹ́ mi,Iṣẹ mi ni eyi,cache,0,,,
227,2026-10-03T00:16:24.852Z,ey5j2k,P03,no,,prewarm,yo,7,,Please,Jowo,Jowo,Ẹ jọwọ,cache,0,,,
228,2026-10-03T00:16:24.854Z,ey5j2k,P03,no,,prewarm,yo,8,,How are you,Bawo ni o se wa?,Bawo ni o se wa?,Bawo ni?,cache,0,,,
229,2026-10-03T00:16:24.855Z,ey5j2k,P03,no,,prewarm,yo,9,,I need help,Mo nilo iranlọwọ,Mo nilo iranlọwọ,Mo nilo iranlọwọ,cache,0,,,
230,2026-10-03T00:16:24.857Z,ey5j2k,P03,no,,prewarm,yo,10,,Stop,Duro,Duro,Duro,cache,0,,,
231,2026-10-03T00:16:26.433Z,ey5j2k,P03,yes,,gesture,yo,1,99,Good Morning,Bawo ni,Bawo ni,Ẹ kú àárọ̀,cache,0,yes,no,2026-10-03T00:16:35.397Z
232,2026-10-03T00:16:33.558Z,ey5j2k,P03,yes,,sentence,yo,,,My name is Good Morning,Ẹ kú àárọ̀,Ẹ kú àárọ̀,,natlas,3118,,,
233,2026-10-03T00:17:12.153Z,ey5j2k,P03,yes,,gesture,yo,5,74,This is my work,Eyi ni iṣẹ́ mi,Eyi ni iṣẹ́ mi,Iṣẹ mi ni eyi,cache,0,yes,yes,2026-10-03T00:17:17.436Z
234,2026-10-03T00:17:24.633Z,ey5j2k,P03,yes,,gesture,yo,2,99,My name is,Orukọ mi ni,Orukọ mi ni,Orukọ mi ni,cache,0,,,
235,2026-10-03T00:17:29.373Z,ey5j2k,P03,yes,,gesture,yo,2,99,My name is,Orukọ mi ni,Orukọ mi ni,Orukọ mi ni,cache,0,,,
236,2026-10-03T00:17:31.030Z,ey5j2k,P03,yes,,sentence,yo,,,This is my work My name is,Eyi ni ise mi Orukọ mi ni,Eyi ni ise mi Orukọ mi ni,,natlas,2376,,,
237,2026-10-03T00:17:52.834Z,ey5j2k,P03,yes,,gesture,yo,2,99,My name is,Orukọ mi ni,Orukọ mi ni,Orukọ mi ni,cache,0,,,
238,2026-10-03T00:17:56.855Z,ey5j2k,P03,yes,,gesture,yo,2,99,My name is,Orukọ mi ni,Orukọ mi ni,Orukọ mi ni,cache,0,,,
239,2026-10-03T00:17:59.245Z,ey5j2k,P03,yes,,sentence,yo,,,My name is My name is,Orukọ mi ni Orukọ mi ni,Orukọ mi ni Orukọ mi ni,,natlas,2396,,,
240,2026-10-03T00:18:00.334Z,ey5j2k,P03,yes,,gesture,yo,6,99,FUTminna,FUTminna,FUTminna,FUTminna,passthrough,0,,,
241,2026-10-03T00:18:04.414Z,ey5j2k,P03,yes,,gesture,yo,2,99,My name is,Orukọ mi ni,Orukọ mi ni,Orukọ mi ni,cache,0,,,
242,2026-10-03T00:18:07.025Z,ey5j2k,P03,yes,,sentence,yo,,,My name is FUTminna,Orukọ mi ni FUTMINNA,Orukọ mi ni FUTMINNA,,natlas,2673,,,
243,2026-10-03T00:18:09.514Z,ey5j2k,P03,yes,,gesture,yo,2,99,My name is,Orukọ mi ni,Orukọ mi ni,Orukọ mi ni,cache,0,,,
244,2026-10-03T00:18:11.614Z,ey5j2k,P03,yes,,gesture,yo,1,86,Good Morning,Bawo ni,Bawo ni,Ẹ kú àárọ̀,cache,0,,,
245,2026-10-03T00:18:17.734Z,ey5j2k,P03,yes,,gesture,yo,6,83,FUTminna,FUTminna,FUTminna,FUTminna,passthrough,0,,,
246,2026-10-03T00:18:19.285Z,ey5j2k,P03,yes,,sentence,yo,,,My name is My name is Good Morning,Ẹ jọwọ ṣe o le sọ orukọ rẹ?,Ẹ jọwọ ṣe o le sọ orukọ rẹ?,,natlas,3661,,,
247,2026-10-03T00:18:22.595Z,ey5j2k,P03,yes,,gesture,yo,6,99,FUTminna,FUTminna,FUTminna,FUTminna,passthrough,0,,,
248,2026-10-03T00:18:24.513Z,ey5j2k,P03,yes,,gesture,yo,6,99,FUTminna,FUTminna,FUTminna,FUTminna,passthrough,0,yes,no,2026-10-03T00:18:28.356Z
249,2026-10-03T00:18:30.843Z,ey5j2k,P03,yes,,sentence,yo,,,FUTminna FUTminna FUTminna,FUTminna FUTminna FUTminna,FUTminna FUTminna FUTminna,,passthrough,2315,,,
250,2026-10-03T00:18:34.475Z,ey5j2k,P03,yes,,gesture,yo,2,99,My name is,Orukọ mi ni,Orukọ mi ni,Orukọ mi ni,cache,0,,,
251,2026-10-03T00:18:40.474Z,ey5j2k,P03,yes,,gesture,yo,2,99,My name is,Orukọ mi ni,Orukọ mi ni,Orukọ mi ni,cache,0,,,
252,2026-10-03T00:18:44.483Z,ey5j2k,P03,yes,,sentence,yo,,,My name is My name is,Orukọ mi ni Orukọ mi ni,Orukọ mi ni Orukọ mi ni,,cache,0,,,
253,2026-10-03T00:18:47.735Z,ey5j2k,P03,yes,,gesture,yo,2,99,My name is,Orukọ mi ni,Orukọ mi ni,Orukọ mi ni,cache,0,,,
254,2026-10-03T00:19:13.355Z,ey5j2k,P03,yes,,gesture,yo,3,99,I am a student,Mo jẹ akẹ́kọ̀ọ́,Mo jẹ akẹ́kọ̀ọ́,Akẹkọọ ni mi,cache,0,,,
255,2026-10-03T00:19:15.334Z,ey5j2k,P03,yes,,gesture,yo,3,99,I am a student,Mo jẹ akẹ́kọ̀ọ́,Mo jẹ akẹ́kọ̀ọ́,Akẹkọọ ni mi,cache,0,yes,yes,2026-10-03T00:19:21.699Z
256,2026-10-03T00:19:22.418Z,ey5j2k,P03,yes,,sentence,yo,,,My name is I am a student I am a student,Orukọ mi ni Akẹkọọ ni mi Mo jẹ akẹkọ,Orukọ mi ni Akẹkọọ ni mi Mo jẹ akẹkọ,,natlas,3077,,,
257,2026-10-03T00:19:24.948Z,ey5j2k,P03,no,,prewarm,ha,1,,Good Morning,Barka da safiya,Barka da safiya,Ina kwana,cache,0,,,
258,2026-10-03T00:19:24.949Z,ey5j2k,P03,no,,prewarm,ha,2,,My name is,Sunana,Sunana,Sunana,cache,0,,,
259,2026-10-03T00:19:24.951Z,ey5j2k,P03,no,,prewarm,ha,3,,I am a student,Ni dalibi ne,Ni dalibi ne,Ni ɗalibi ne,cache,0,,,
260,2026-10-03T00:19:24.957Z,ey5j2k,P03,no,,prewarm,ha,5,,This is my work,Wannan shine aikina,Wannan shine aikina,Wannan shine aiki na,cache,0,,,
261,2026-10-03T00:19:24.958Z,ey5j2k,P03,no,,prewarm,ha,7,,Please,Don Allah,Don Allah,Don Allah,cache,0,,,
262,2026-10-03T00:19:24.959Z,ey5j2k,P03,no,,prewarm,ha,8,,How are you,Yaya kake?,Yaya kake?,Yaya kake?,cache,0,,,
263,2026-10-03T00:19:24.961Z,ey5j2k,P03,no,,prewarm,ha,9,,I need help,Ina bukatar taimako,Ina bukatar taimako,Ina buƙatar taimako,cache,0,,,
264,2026-10-03T00:19:24.963Z,ey5j2k,P03,no,,prewarm,ha,10,,Stop,Kare,Kare,Tsaya,cache,0,,,
265,2026-10-03T00:19:38.256Z,ey5j2k,P03,yes,,gesture,ha,5,92,This is my work,Wannan shine aikina,Wannan shine aikina,Wannan shine aiki na,cache,0,,,
266,2026-10-03T00:19:41.375Z,ey5j2k,P03,yes,,gesture,ha,2,99,My name is,Sunana,Sunana,Sunana,cache,0,,,
267,2026-10-03T00:19:43.476Z,ey5j2k,P03,yes,,gesture,ha,1,72,Good Morning,Barka da safiya,Barka da safiya,Ina kwana,cache,0,yes,no,2026-10-03T00:19:47.563Z
268,2026-10-03T00:19:51.221Z,ey5j2k,P03,yes,,sentence,ha,,,This is my work My name is Good Morning,Wannan shine aikina Sunana Barka da Sallah,Wannan shine aikina Sunana Barka da Sallah,,natlas,3730,,,
269,2026-10-03T00:20:05.616Z,ey5j2k,P03,yes,,gesture,ha,2,99,My name is,Sunana,Sunana,Sunana,cache,0,,,
270,2026-10-03T00:20:10.176Z,ey5j2k,P03,yes,,gesture,ha,6,99,FUTminna,FUTminna,FUTminna,FUTminna,passthrough,0,yes,no,2026-10-03T00:20:16.039Z
271,2026-10-03T00:20:17.114Z,ey5j2k,P03,yes,,sentence,ha,,,My name is FUTminna,Sunana FUTminna,Sunana FUTminna,,natlas,2932,,,
272,2026-10-03T00:20:23.436Z,ey5j2k,P03,yes,,gesture,ha,10,73,Stop,Kare,Kare,Tsaya,cache,0,,,
273,2026-10-03T00:20:25.415Z,ey5j2k,P03,yes,,gesture,ha,3,99,I am a student,Ni dalibi ne,Ni dalibi ne,Ni ɗalibi ne,cache,0,,,
274,2026-10-03T00:20:31.708Z,ey5j2k,P03,yes,,sentence,ha,,,Stop I am a student,Kada ku yi haka! Ni dalibi ne,Kada ku yi haka! Ni dalibi ne,,natlas,2275,,,
275,2026-10-03T00:20:49.657Z,ey5j2k,P03,yes,,gesture,ha,3,99,I am a student,Ni dalibi ne,Ni dalibi ne,Ni ɗalibi ne,cache,0,,,
276,2026-10-03T00:20:52.236Z,ey5j2k,P03,yes,,gesture,ha,7,92,Please,Don Allah,Don Allah,Don Allah,cache,0,,,
277,2026-10-03T00:20:54.456Z,ey5j2k,P03,yes,,gesture,ha,3,99,I am a student,Ni dalibi ne,Ni dalibi ne,Ni ɗalibi ne,cache,0,,,
278,2026-10-03T00:20:56.375Z,ey5j2k,P03,yes,,gesture,ha,7,74,Please,Don Allah,Don Allah,Don Allah,cache,0,,,
279,2026-10-03T00:20:58.476Z,ey5j2k,P03,yes,,gesture,ha,8,62,How are you,Yaya kake?,Yaya kake?,Yaya kake?,cache,0,,,
280,2026-10-03T00:21:00.455Z,ey5j2k,P03,yes,,gesture,ha,10,91,Stop,Kare,Kare,Tsaya,cache,0,yes,no,2026-10-03T00:21:11.075Z
281,2026-10-03T00:21:07.902Z,ey5j2k,P03,yes,,sentence,ha,,,I am a student Please I am a student Please How are you Stop,Ni ɗalibi ne Don Allah Ni ɗalibi ne Don Allah Yaya kake? Dakata,Ni ɗalibi ne Don Allah Ni ɗalibi ne Don Allah Yaya kake? Dakata,,natlas,3433,,,
282,2026-10-03T00:21:55.357Z,ey5j2k,P03,yes,,gesture,ha,3,99,I am a student,Ni dalibi ne,Ni dalibi ne,Ni ɗalibi ne,cache,0,,,
283,2026-10-03T00:22:04.117Z,ey5j2k,P03,yes,,gesture,ha,6,99,FUTminna,FUTminna,FUTminna,FUTminna,passthrough,0,,,
284,2026-10-03T00:22:10.646Z,ey5j2k,P03,yes,,sentence,ha,,,I am a student FUTminna,Ni ɗalibi ne FUTminna,Ni ɗalibi ne FUTminna,,natlas,2507,,,
285,2026-10-03T00:22:10.716Z,ey5j2k,P03,yes,,gesture,ha,2,66,My name is,Sunana,Sunana,Sunana,cache,0,,,
286,2026-10-03T00:22:12.817Z,ey5j2k,P03,yes,,gesture,ha,5,99,This is my work,Wannan shine aikina,Wannan shine aikina,Wannan shine aiki na,cache,0,yes,yes,2026-10-03T00:22:18.107Z
287,2026-10-03T00:22:18.813Z,ey5j2k,P03,yes,,sentence,ha,,,My name is This is my work,Sunana Wannan shine aikina,Sunana Wannan shine aikina,,natlas,1988,,,
288,2026-10-03T00:22:29.378Z,ey5j2k,P03,yes,,gesture,ha,5,66,This is my work,Wannan shine aikina,Wannan shine aikina,Wannan shine aiki na,cache,0,,,
289,2026-10-03T00:22:32.738Z,ey5j2k,P03,yes,,gesture,ha,6,96,FUTminna,FUTminna,FUTminna,FUTminna,passthrough,0,,,
290,2026-10-03T00:22:36.278Z,ey5j2k,P03,yes,,gesture,ha,2,99,My name is,Sunana,Sunana,Sunana,cache,0,,,
291,2026-10-03T00:22:42.893Z,ey5j2k,P03,yes,,sentence,ha,,,This is my work FUTminna My name is,Wannan shine aikina na FUTminna Sunana,Wannan shine aikina na FUTminna Sunana,,natlas,2596,,,
292,2026-10-03T00:22:46.358Z,ey5j2k,P03,yes,,gesture,ha,2,99,My name is,Sunana,Sunana,Sunana,cache,0,,,
293,2026-10-03T00:22:50.198Z,ey5j2k,P03,yes,,gesture,ha,5,99,This is my work,Wannan shine aikina,Wannan shine aikina,Wannan shine aiki na,cache,0,,,
294,2026-10-03T00:22:53.738Z,ey5j2k,P03,yes,,gesture,ha,4,99,Hameed,Hameed,Hameed,Hameed,passthrough,0,,,
295,2026-10-03T00:22:55.717Z,ey5j2k,P03,yes,,gesture,ha,4,99,Hameed,Hameed,Hameed,Hameed,passthrough,0,,,
296,2026-10-03T00:22:58.418Z,ey5j2k,P03,yes,,gesture,ha,4,72,Hameed,Hameed,Hameed,Hameed,passthrough,0,,,
297,2026-10-03T00:23:05.435Z,ey5j2k,P03,yes,,sentence,ha,,,My name is This is my work Hameed Hameed Hameed,Sunana wannan shine aikina Hamisu Hamisu Hamisu,Sunana wannan shine aikina Hamisu Hamisu Hamisu,,natlas,3006,,,
298,2026-10-03T00:23:16.239Z,ey5j2k,P03,yes,,gesture,ha,2,99,My name is,Sunana,Sunana,Sunana,cache,0,,,
299,2026-10-03T00:23:47.919Z,ey5j2k,P03,yes,,gesture,ha,2,99,My name is,Sunana,Sunana,Sunana,cache,0,,,
300,2026-10-03T00:23:51.936Z,ey5j2k,P03,yes,,sentence,ha,,,My name is My name is,Sunana Sunana,Sunana Sunana,,cache,0,,,
301,2026-10-03T00:24:02.319Z,ey5j2k,P03,yes,,gesture,ha,6,99,FUTminna,FUTminna,FUTminna,FUTminna,passthrough,0,,,
302,2026-10-03T00:24:13.359Z,ey5j2k,P03,yes,,gesture,ha,6,99,FUTminna,FUTminna,FUTminna,FUTminna,passthrough,0,,,
303,2026-10-03T00:24:18.219Z,ey5j2k,P03,yes,,gesture,ha,10,99,Stop,Kare,Kare,Tsaya,cache,0,,,
304,2026-10-03T00:24:19.690Z,ey5j2k,P03,yes,,sentence,ha,,,FUTminna FUTminna,FUTminna FUTminna,FUTminna FUTminna,,passthrough,2320,,,
305,2026-10-03T00:24:28.299Z,ey5j2k,P03,yes,,gesture,ha,1,99,Good Morning,Barka da safiya,Barka da safiya,Ina kwana,cache,0,yes,no,2026-10-03T00:24:34.640Z
306,2026-10-03T00:24:34.248Z,ey5j2k,P03,yes,,sentence,ha,,,Stop Good Morning,Kare Ina kwana,Kare Ina kwana,,natlas,1940,,,
307,2026-10-03T00:24:38.968Z,ey5j2k,P03,no,,prewarm,ig,1,,Good Morning,Ụtụtụ ọma,Ụtụtụ ọma,Ụtụtụ ọma,cache,0,,,
308,2026-10-03T00:24:38.970Z,ey5j2k,P03,no,,prewarm,ig,2,,My name is,Aha m bụ,Aha m bụ,Aha m bụ,cache,0,,,
309,2026-10-03T00:24:38.972Z,ey5j2k,P03,no,,prewarm,ig,3,,I am a student,Abụ m akwụkwọ,Abụ m akwụkwọ,Abụ m nwa akwụkwọ,cache,0,,,
310,2026-10-03T00:24:38.974Z,ey5j2k,P03,no,,prewarm,ig,5,,This is my work,Nke a bụ ọrụ m,Nke a bụ ọrụ m,Nke a bụ ọrụ m,cache,0,,,
311,2026-10-03T00:24:38.976Z,ey5j2k,P03,no,,prewarm,ig,7,,Please,Biko,Biko,Biko,cache,0,,,
312,2026-10-03T00:24:38.977Z,ey5j2k,P03,no,,prewarm,ig,8,,How are you,Gịnị ka ị na-adị?,Gịnị ka ị na-adị?,Kedu ka ị mere?,cache,0,,,
313,2026-10-03T00:24:38.978Z,ey5j2k,P03,no,,prewarm,ig,9,,I need help,M na-achọ enyemaka,M na-achọ enyemaka,Achọrọ m enyemaka,cache,0,,,
314,2026-10-03T00:24:38.980Z,ey5j2k,P03,no,,prewarm,ig,10,,Stop,Kwụsị,Kwụsị,Kwụsị,cache,0,,,
315,2026-10-03T00:24:50.980Z,ey5j2k,P03,yes,,gesture,ig,1,95,Good Morning,Ụtụtụ ọma,Ụtụtụ ọma,Ụtụtụ ọma,cache,0,yes,yes,2026-10-03T00:24:59.021Z
316,2026-10-03T00:25:07.720Z,ey5j2k,P03,yes,,gesture,ig,2,99,My name is,Aha m bụ,Aha m bụ,Aha m bụ,cache,0,,,
317,2026-10-03T00:25:11.560Z,ey5j2k,P03,yes,,gesture,ig,2,99,My name is,Aha m bụ,Aha m bụ,Aha m bụ,cache,0,yes,yes,2026-10-03T00:25:15.256Z
318,2026-10-03T00:25:18.628Z,ey5j2k,P03,yes,,sentence,ig,,,Good Morning My name is My name is,Ụtụtụ ọma! Aha m bụ... Aha m bụ...,Ụtụtụ ọma! Aha m bụ... Aha m bụ...,,natlas,3045,,,
319,2026-10-03T00:25:27.640Z,ey5j2k,P03,yes,,gesture,ig,9,99,I need help,M na-achọ enyemaka,M na-achọ enyemaka,Achọrọ m enyemaka,cache,0,yes,yes,2026-10-03T00:25:38.797Z
320,2026-10-03T00:25:43.562Z,ey5j2k,P03,no,,prewarm,ha,1,,Good Morning,Barka da safiya,Barka da safiya,Ina kwana,cache,0,,,
321,2026-10-03T00:25:43.566Z,ey5j2k,P03,no,,prewarm,ha,2,,My name is,Sunana,Sunana,Sunana,cache,0,,,
322,2026-10-03T00:25:43.568Z,ey5j2k,P03,no,,prewarm,ha,3,,I am a student,Ni dalibi ne,Ni dalibi ne,Ni ɗalibi ne,cache,0,,,
323,2026-10-03T00:25:43.570Z,ey5j2k,P03,no,,prewarm,ha,5,,This is my work,Wannan shine aikina,Wannan shine aikina,Wannan shine aiki na,cache,0,,,
324,2026-10-03T00:25:43.572Z,ey5j2k,P03,no,,prewarm,ha,7,,Please,Don Allah,Don Allah,Don Allah,cache,0,,,
325,2026-10-03T00:25:43.574Z,ey5j2k,P03,no,,prewarm,ha,8,,How are you,Yaya kake?,Yaya kake?,Yaya kake?,cache,0,,,
326,2026-10-03T00:25:43.575Z,ey5j2k,P03,no,,prewarm,ha,9,,I need help,Ina bukatar taimako,Ina bukatar taimako,Ina buƙatar taimako,cache,0,,,
327,2026-10-03T00:25:43.577Z,ey5j2k,P03,no,,prewarm,ha,10,,Stop,Kare,Kare,Tsaya,cache,0,,,
328,2026-10-03T00:25:46.743Z,ey5j2k,P03,no,,prewarm,ha,1,,Good Morning,Barka da safiya,Barka da safiya,Ina kwana,cache,0,,,
329,2026-10-03T00:25:46.746Z,ey5j2k,P03,no,,prewarm,ha,2,,My name is,Sunana,Sunana,Sunana,cache,0,,,
330,2026-10-03T00:25:46.747Z,ey5j2k,P03,no,,prewarm,ha,3,,I am a student,Ni dalibi ne,Ni dalibi ne,Ni ɗalibi ne,cache,0,,,
331,2026-10-03T00:25:46.748Z,ey5j2k,P03,no,,prewarm,ha,5,,This is my work,Wannan shine aikina,Wannan shine aikina,Wannan shine aiki na,cache,0,,,
332,2026-10-03T00:25:46.750Z,ey5j2k,P03,no,,prewarm,ha,7,,Please,Don Allah,Don Allah,Don Allah,cache,0,,,
333,2026-10-03T00:25:46.752Z,ey5j2k,P03,no,,prewarm,ha,8,,How are you,Yaya kake?,Yaya kake?,Yaya kake?,cache,0,,,
334,2026-10-03T00:25:46.754Z,ey5j2k,P03,no,,prewarm,ha,9,,I need help,Ina bukatar taimako,Ina bukatar taimako,Ina buƙatar taimako,cache,0,,,
335,2026-10-03T00:25:46.755Z,ey5j2k,P03,no,,prewarm,ha,10,,Stop,Kare,Kare,Tsaya,cache,0,,,
336,2026-10-03T00:25:47.095Z,ey5j2k,P03,no,,prewarm,ha,1,,Good Morning,Barka da safiya,Barka da safiya,Ina kwana,cache,0,,,
337,2026-10-03T00:25:47.097Z,ey5j2k,P03,no,,prewarm,ha,2,,My name is,Sunana,Sunana,Sunana,cache,0,,,
338,2026-10-03T00:25:47.099Z,ey5j2k,P03,no,,prewarm,ha,3,,I am a student,Ni dalibi ne,Ni dalibi ne,Ni ɗalibi ne,cache,0,,,
339,2026-10-03T00:25:47.100Z,ey5j2k,P03,no,,prewarm,ha,5,,This is my work,Wannan shine aikina,Wannan shine aikina,Wannan shine aiki na,cache,0,,,
340,2026-10-03T00:25:47.102Z,ey5j2k,P03,no,,prewarm,ha,7,,Please,Don Allah,Don Allah,Don Allah,cache,0,,,
341,2026-10-03T00:25:47.103Z,ey5j2k,P03,no,,prewarm,ha,8,,How are you,Yaya kake?,Yaya kake?,Yaya kake?,cache,0,,,
342,2026-10-03T00:25:47.105Z,ey5j2k,P03,no,,prewarm,ha,9,,I need help,Ina bukatar taimako,Ina bukatar taimako,Ina buƙatar taimako,cache,0,,,
343,2026-10-03T00:25:47.106Z,ey5j2k,P03,no,,prewarm,ha,10,,Stop,Kare,Kare,Tsaya,cache,0,,,
344,2026-10-03T00:26:21.761Z,ey5j2k,P03,yes,,gesture,ha,7,80,Please,Don Allah,Don Allah,Don Allah,cache,0,,,
345,2026-10-03T00:26:24.522Z,ey5j2k,P03,yes,,gesture,ha,3,99,I am a student,Ni dalibi ne,Ni dalibi ne,Ni ɗalibi ne,cache,0,yes,yes,2026-10-03T00:26:31.341Z
346,2026-10-03T00:26:31.602Z,ey5j2k,P03,yes,,sentence,ha,,,I need help Please I am a student,Ina bukatar taimako Don Allah ni dalibi ne,Ina bukatar taimako Don Allah ni dalibi ne,,natlas,3069,,,
347,2026-10-03T00:26:34.061Z,ey5j2k,P03,yes,,gesture,ha,1,69,Good Morning,Barka da safiya,Barka da safiya,Ina kwana,cache,0,,,
348,2026-10-03T00:27:01.602Z,ey5j2k,P03,yes,,gesture,ha,2,67,My name is,Sunana,Sunana,Sunana,cache,0,,,
349,2026-10-03T00:27:07.535Z,ey5j2k,P03,yes,,sentence,ha,,,Good Morning My name is,Sannu Ina suna,Sannu Ina suna,,natlas,1924,,,
350,2026-10-03T00:27:20.862Z,ey5j2k,P03,yes,,gesture,ha,1,97,Good Morning,Barka da safiya,Barka da safiya,Ina kwana,cache,0,,,
351,2026-10-03T00:27:25.542Z,ey5j2k,P03,yes,,gesture,ha,10,63,Stop,Kare,Kare,Tsaya,cache,0,,,
352,2026-10-03T00:27:29.083Z,ey5j2k,P03,yes,,gesture,ha,7,75,Please,Don Allah,Don Allah,Don Allah,cache,0,,,
353,2026-10-03T00:27:31.782Z,ey5j2k,P03,yes,,gesture,ha,8,99,How are you,Yaya kake?,Yaya kake?,Yaya kake?,cache,0,,,
354,2026-10-03T00:27:34.602Z,ey5j2k,P03,yes,,gesture,ha,8,67,How are you,Yaya kake?,Yaya kake?,Yaya kake?,cache,0,,,
355,2026-10-03T00:27:36.581Z,ey5j2k,P03,yes,,gesture,ha,8,71,How are you,Yaya kake?,Yaya kake?,Yaya kake?,cache,0,yes,yes,2026-10-03T00:27:40.725Z
356,2026-10-03T00:27:44.454Z,ey5j2k,P03,yes,,sentence,ha,,,Good Morning Stop Please How are you How are you How are you,Kai mai kyau ne ka tsaya don Allah! Yaya kake?,Kai mai kyau ne ka tsaya don Allah! Yaya kake?,,natlas,3858,,,
357,2026-10-03T00:27:46.902Z,ey5j2k,P03,yes,,gesture,ha,8,99,How are you,Yaya kake?,Yaya kake?,Yaya kake?,cache,0,,,
358,2026-10-03T00:27:49.662Z,ey5j2k,P03,yes,,gesture,ha,3,99,I am a student,Ni dalibi ne,Ni dalibi ne,Ni ɗalibi ne,cache,0,,,
359,2026-10-03T00:27:55.122Z,ey5j2k,P03,yes,,gesture,ha,10,99,Stop,Kare,Kare,Tsaya,cache,0,,,
360,2026-10-03T00:27:56.556Z,ey5j2k,P03,yes,,sentence,ha,,,How are you I am a student,Yaya kake? Ni ɗalibi ne,Yaya kake? Ni ɗalibi ne,,natlas,2882,,,
361,2026-10-03T00:28:03.343Z,ey5j2k,P03,yes,,gesture,ha,9,99,I need help,Ina bukatar taimako,Ina bukatar taimako,Ina buƙatar taimako,cache,0,yes,yes,2026-10-03T00:28:09.575Z
362,2026-10-03T00:28:10.469Z,ey5j2k,P03,yes,,sentence,ha,,,Stop I need help,Kada ku yi! Ina bukatar taimako,Kada ku yi! Ina bukatar taimako,,natlas,3115,,,
363,2026-10-03T00:28:13.551Z,ey5j2k,P03,no,,prewarm,yo,1,,Good Morning,Bawo ni,Bawo ni,Ẹ kú àárọ̀,cache,0,,,
364,2026-10-03T00:28:13.554Z,ey5j2k,P03,no,,prewarm,yo,2,,My name is,Orukọ mi ni,Orukọ mi ni,Orukọ mi ni,cache,0,,,
365,2026-10-03T00:28:13.556Z,ey5j2k,P03,no,,prewarm,yo,3,,I am a student,Mo jẹ akẹ́kọ̀ọ́,Mo jẹ akẹ́kọ̀ọ́,Akẹkọọ ni mi,cache,0,,,
366,2026-10-03T00:28:13.558Z,ey5j2k,P03,no,,prewarm,yo,5,,This is my work,Eyi ni iṣẹ́ mi,Eyi ni iṣẹ́ mi,Iṣẹ mi ni eyi,cache,0,,,
367,2026-10-03T00:28:13.560Z,ey5j2k,P03,no,,prewarm,yo,7,,Please,Jowo,Jowo,Ẹ jọwọ,cache,0,,,
368,2026-10-03T00:28:13.562Z,ey5j2k,P03,no,,prewarm,yo,8,,How are you,Bawo ni o se wa?,Bawo ni o se wa?,Bawo ni?,cache,0,,,
369,2026-10-03T00:28:13.564Z,ey5j2k,P03,no,,prewarm,yo,9,,I need help,Mo nilo iranlọwọ,Mo nilo iranlọwọ,Mo nilo iranlọwọ,cache,0,,,
370,2026-10-03T00:28:13.566Z,ey5j2k,P03,no,,prewarm,yo,10,,Stop,Duro,Duro,Duro,cache,0,,,
371,2026-10-03T00:28:27.283Z,ey5j2k,P03,yes,,gesture,yo,3,75,I am a student,Mo jẹ akẹ́kọ̀ọ́,Mo jẹ akẹ́kọ̀ọ́,Akẹkọọ ni mi,cache,0,,,
372,2026-10-03T00:28:29.803Z,ey5j2k,P03,yes,,gesture,yo,3,99,I am a student,Mo jẹ akẹ́kọ̀ọ́,Mo jẹ akẹ́kọ̀ọ́,Akẹkọọ ni mi,cache,0,,,
373,2026-10-03T00:28:31.782Z,ey5j2k,P03,yes,,gesture,yo,3,99,I am a student,Mo jẹ akẹ́kọ̀ọ́,Mo jẹ akẹ́kọ̀ọ́,Akẹkọọ ni mi,cache,0,yes,yes,2026-10-03T00:28:35.027Z
374,2026-10-03T00:28:39.952Z,ey5j2k,P03,yes,,sentence,yo,,,I am a student I am a student I am a student,Akẹkọọ ni mi Akẹkọọ ni mi Akẹkọọ ni mi,Akẹkọọ ni mi Akẹkọọ ni mi Akẹkọọ ni mi,,natlas,4156,,,
375,2026-10-03T00:29:14.264Z,ey5j2k,P04,yes,,gesture,yo,7,69,Please,Jowo,Jowo,Ẹ jọwọ,cache,0,,,
376,2026-10-03T00:29:16.243Z,ey5j2k,P04,yes,,gesture,yo,3,99,I am a student,Mo jẹ akẹ́kọ̀ọ́,Mo jẹ akẹ́kọ̀ọ́,Akẹkọọ ni mi,cache,0,,,
377,2026-10-03T00:29:22.610Z,ey5j2k,P04,yes,,sentence,yo,,,Please I am a student,"Jowo, akẹkọọ ni mi","Jowo, akẹkọọ ni mi",,natlas,2360,,,
378,2026-10-03T00:29:24.163Z,ey5j2k,P04,yes,,gesture,yo,7,82,Please,Jowo,Jowo,Ẹ jọwọ,cache,0,,,
379,2026-10-03T00:29:27.104Z,ey5j2k,P04,yes,,gesture,yo,7,78,Please,Jowo,Jowo,Ẹ jọwọ,cache,0,yes,yes,2026-10-03T00:29:32.973Z
380,2026-10-03T00:29:33.154Z,ey5j2k,P04,yes,,sentence,yo,,,Please Please,Jọwọ Jọwọ,Jọwọ Jọwọ,,natlas,2039,,,
381,2026-10-03T00:29:37.484Z,ey5j2k,P04,yes,,gesture,yo,9,99,I need help,Mo nilo iranlọwọ,Mo nilo iranlọwọ,Mo nilo iranlọwọ,cache,0,yes,yes,2026-10-03T00:29:43.939Z
382,2026-10-03T00:29:51.464Z,ey5j2k,P04,yes,,gesture,yo,1,93,Good Morning,Bawo ni,Bawo ni,Ẹ kú àárọ̀,cache,0,,,
383,2026-10-03T00:29:54.944Z,ey5j2k,P04,yes,,gesture,yo,8,99,How are you,Bawo ni o se wa?,Bawo ni o se wa?,Bawo ni?,cache,0,yes,yes,2026-10-03T00:30:03.515Z
384,2026-10-03T00:30:02.232Z,ey5j2k,P04,yes,,sentence,yo,,,I need help Good Morning How are you,Mo nilo iranlọwọ Ẹ kú àárọ̀ Bawo ni o se wa?,Mo nilo iranlọwọ Ẹ kú àárọ̀ Bawo ni o se wa?,,natlas,3276,,,
385,2026-10-03T00:30:07.244Z,ey5j2k,P04,yes,,gesture,yo,1,93,Good Morning,Bawo ni,Bawo ni,Ẹ kú àárọ̀,cache,0,,,
386,2026-10-03T00:30:09.584Z,ey5j2k,P04,yes,,gesture,yo,1,99,Good Morning,Bawo ni,Bawo ni,Ẹ kú àárọ̀,cache,0,yes,yes,2026-10-03T00:30:12.423Z
387,2026-10-03T00:30:16.346Z,ey5j2k,P04,yes,,sentence,yo,,,Good Morning Good Morning,Ẹ ku àròyé,Ẹ ku àròyé,,natlas,2750,,,
388,2026-10-03T00:30:21.821Z,ey5j2k,P04,no,,prewarm,ha,1,,Good Morning,Barka da safiya,Barka da safiya,Ina kwana,cache,0,,,
389,2026-10-03T00:30:21.825Z,ey5j2k,P04,no,,prewarm,ha,2,,My name is,Sunana,Sunana,Sunana,cache,0,,,
390,2026-10-03T00:30:21.827Z,ey5j2k,P04,no,,prewarm,ha,3,,I am a student,Ni dalibi ne,Ni dalibi ne,Ni ɗalibi ne,cache,0,,,
391,2026-10-03T00:30:21.829Z,ey5j2k,P04,no,,prewarm,ha,5,,This is my work,Wannan shine aikina,Wannan shine aikina,Wannan shine aiki na,cache,0,,,
392,2026-10-03T00:30:21.831Z,ey5j2k,P04,no,,prewarm,ha,7,,Please,Don Allah,Don Allah,Don Allah,cache,0,,,
393,2026-10-03T00:30:21.832Z,ey5j2k,P04,no,,prewarm,ha,8,,How are you,Yaya kake?,Yaya kake?,Yaya kake?,cache,0,,,
394,2026-10-03T00:30:21.835Z,ey5j2k,P04,no,,prewarm,ha,9,,I need help,Ina bukatar taimako,Ina bukatar taimako,Ina buƙatar taimako,cache,0,,,
395,2026-10-03T00:30:21.837Z,ey5j2k,P04,no,,prewarm,ha,10,,Stop,Kare,Kare,Tsaya,cache,0,,,
396,2026-10-03T00:30:27.225Z,ey5j2k,P04,yes,,gesture,ha,2,79,My name is,Sunana,Sunana,Sunana,cache,0,yes,yes,2026-10-03T00:30:35.262Z
397,2026-10-03T00:30:45.885Z,ey5j2k,P04,yes,,gesture,ha,2,95,My name is,Sunana,Sunana,Sunana,cache,0,,,
398,2026-10-03T00:30:49.897Z,ey5j2k,P04,yes,,sentence,ha,,,My name is My name is,Sunana Sunana,Sunana Sunana,,cache,0,,,
399,2026-10-03T00:30:54.765Z,ey5j2k,P04,yes,,gesture,ha,7,65,Please,Don Allah,Don Allah,Don Allah,cache,0,,,
400,2026-10-03T00:30:58.485Z,ey5j2k,P04,yes,,gesture,ha,7,99,Please,Don Allah,Don Allah,Don Allah,cache,0,yes,yes,2026-10-03T00:31:01.018Z
401,2026-10-03T00:31:06.209Z,ey5j2k,P04,yes,,sentence,ha,,,Please Please,Don Allah Don Allah,Don Allah Don Allah,,natlas,3712,,,
402,2026-10-03T00:31:11.565Z,ey5j2k,P04,yes,,gesture,ha,3,99,I am a student,Ni dalibi ne,Ni dalibi ne,Ni ɗalibi ne,cache,0,,,
403,2026-10-03T00:31:13.544Z,ey5j2k,P04,yes,,gesture,ha,3,99,I am a student,Ni dalibi ne,Ni dalibi ne,Ni ɗalibi ne,cache,0,yes,,
404,2026-10-03T00:31:15.646Z,ey5j2k,P04,yes,,gesture,ha,3,99,I am a student,Ni dalibi ne,Ni dalibi ne,Ni ɗalibi ne,cache,0,yes,yes,2026-10-03T00:31:19.818Z
405,2026-10-03T00:31:23.265Z,ey5j2k,P04,yes,,gesture,ha,6,99,FUTminna,FUTminna,FUTminna,FUTminna,passthrough,0,,,
406,2026-10-03T00:31:24.805Z,ey5j2k,P04,yes,,sentence,ha,,,I am a student I am a student I am a student,Ni ɗalibi ne Ni ɗalibi ne Ni ɗalibi ne,Ni ɗalibi ne Ni ɗalibi ne Ni ɗalibi ne,,natlas,5150,,,
407,2026-10-03T00:31:25.785Z,ey5j2k,P04,yes,,gesture,ha,2,99,My name is,Sunana,Sunana,Sunana,cache,0,,,
408,2026-10-03T00:31:31.126Z,ey5j2k,P04,yes,,gesture,ha,6,99,FUTminna,FUTminna,FUTminna,FUTminna,passthrough,0,,,
409,2026-10-03T00:31:32.571Z,ey5j2k,P04,yes,,sentence,ha,,,FUTminna My name is,FUTminna Sunana,FUTminna Sunana,,natlas,2773,,,
410,2026-10-03T00:31:33.104Z,ey5j2k,P04,yes,,gesture,ha,6,99,FUTminna,FUTminna,FUTminna,FUTminna,passthrough,0,yes,no,2026-10-03T00:31:35.787Z
411,2026-10-03T00:31:39.150Z,ey5j2k,P04,yes,,sentence,ha,,,FUTminna FUTminna,FUTminna FUTminna,FUTminna FUTminna,,passthrough,2028,,,
412,2026-10-03T00:31:40.006Z,ey5j2k,P04,yes,,gesture,ha,3,99,I am a student,Ni dalibi ne,Ni dalibi ne,Ni ɗalibi ne,cache,0,,,
413,2026-10-03T00:31:48.945Z,ey5j2k,P04,yes,,gesture,ha,3,99,I am a student,Ni dalibi ne,Ni dalibi ne,Ni ɗalibi ne,cache,0,,,
414,2026-10-03T00:31:51.106Z,ey5j2k,P04,yes,,gesture,ha,3,99,I am a student,Ni dalibi ne,Ni dalibi ne,Ni ɗalibi ne,cache,0,,,
415,2026-10-03T00:31:55.121Z,ey5j2k,P04,yes,,sentence,ha,,,I am a student I am a student I am a student,Ni ɗalibi ne Ni ɗalibi ne Ni ɗalibi ne,Ni ɗalibi ne Ni ɗalibi ne Ni ɗalibi ne,,cache,0,,,
416,2026-10-03T00:32:06.946Z,ey5j2k,P05,yes,,gesture,ha,2,63,My name is,Sunana,Sunana,Sunana,cache,0,,,
417,2026-10-03T00:32:10.425Z,ey5j2k,P05,yes,,gesture,ha,3,92,I am a student,Ni dalibi ne,Ni dalibi ne,Ni ɗalibi ne,cache,0,,,
418,2026-10-03T00:32:13.066Z,ey5j2k,P05,yes,,gesture,ha,3,99,I am a student,Ni dalibi ne,Ni dalibi ne,Ni ɗalibi ne,cache,0,,,
419,2026-10-03T00:32:15.826Z,ey5j2k,P05,yes,,gesture,ha,3,99,I am a student,Ni dalibi ne,Ni dalibi ne,Ni ɗalibi ne,cache,0,,,
420,2026-10-03T00:32:17.448Z,ey5j2k,P05,no,,prewarm,ig,1,,Good Morning,Ụtụtụ ọma,Ụtụtụ ọma,Ụtụtụ ọma,cache,0,,,
421,2026-10-03T00:32:17.451Z,ey5j2k,P05,no,,prewarm,ig,2,,My name is,Aha m bụ,Aha m bụ,Aha m bụ,cache,0,,,
422,2026-10-03T00:32:17.453Z,ey5j2k,P05,no,,prewarm,ig,3,,I am a student,Abụ m akwụkwọ,Abụ m akwụkwọ,Abụ m nwa akwụkwọ,cache,0,,,
423,2026-10-03T00:32:17.455Z,ey5j2k,P05,no,,prewarm,ig,5,,This is my work,Nke a bụ ọrụ m,Nke a bụ ọrụ m,Nke a bụ ọrụ m,cache,0,,,
424,2026-10-03T00:32:17.458Z,ey5j2k,P05,no,,prewarm,ig,7,,Please,Biko,Biko,Biko,cache,0,,,
425,2026-10-03T00:32:17.461Z,ey5j2k,P05,no,,prewarm,ig,8,,How are you,Gịnị ka ị na-adị?,Gịnị ka ị na-adị?,Kedu ka ị mere?,cache,0,,,
426,2026-10-03T00:32:17.463Z,ey5j2k,P05,no,,prewarm,ig,9,,I need help,M na-achọ enyemaka,M na-achọ enyemaka,Achọrọ m enyemaka,cache,0,,,
427,2026-10-03T00:32:17.465Z,ey5j2k,P05,no,,prewarm,ig,10,,Stop,Kwụsị,Kwụsị,Kwụsị,cache,0,,,
428,2026-10-03T00:32:23.806Z,ey5j2k,P05,yes,,gesture,ig,2,67,My name is,Aha m bụ,Aha m bụ,Aha m bụ,cache,0,yes,yes,2026-10-03T00:32:29.008Z
429,2026-10-03T00:32:25.301Z,ey5j2k,P05,yes,,sentence,ig,,,My name is I am a student I am a student I am a student,Aha m bụ Abụ m nwa akwụkwọ Abụ m nwa akwụkwọ Abụ m nwa akwụkwọ,Aha m bụ Abụ m nwa akwụkwọ Abụ m nwa akwụkwọ Abụ m nwa akwụkwọ,,natlas,5454,,,
430,2026-10-03T00:32:35.746Z,ey5j2k,P05,yes,,gesture,ig,10,63,Stop,Kwụsị,Kwụsị,Kwụsị,cache,0,,,
431,2026-10-03T00:32:37.923Z,ey5j2k,P05,yes,,gesture,ig,7,99,Please,Biko,Biko,Biko,cache,0,,,
432,2026-10-03T00:32:43.966Z,ey5j2k,P05,yes,,gesture,ig,7,99,Please,Biko,Biko,Biko,cache,0,,,
433,2026-10-03T00:32:44.532Z,ey5j2k,P05,yes,,sentence,ig,,,My name is Stop Please,Aha m bụ Kwụsị Biko,Aha m bụ Kwụsị Biko,,natlas,2597,,,
434,2026-10-03T00:32:45.945Z,ey5j2k,P05,yes,,gesture,ig,3,89,I am a student,Abụ m akwụkwọ,Abụ m akwụkwọ,Abụ m nwa akwụkwọ,cache,0,,,
435,2026-10-03T00:32:49.607Z,ey5j2k,P05,yes,,gesture,ig,8,99,How are you,Gịnị ka ị na-adị?,Gịnị ka ị na-adị?,Kedu ka ị mere?,cache,0,,,
436,2026-10-03T00:32:51.826Z,ey5j2k,P05,yes,,gesture,ig,7,78,Please,Biko,Biko,Biko,cache,0,,,
437,2026-10-03T00:32:54.586Z,ey5j2k,P05,yes,,gesture,ig,7,99,Please,Biko,Biko,Biko,cache,0,,,
438,2026-10-03T00:32:57.766Z,ey5j2k,P05,yes,,gesture,ig,7,67,Please,Biko,Biko,Biko,cache,0,yes,yes,2026-10-03T00:33:00.116Z
439,2026-10-03T00:33:01.606Z,ey5j2k,P05,yes,,gesture,ig,7,91,Please,Biko,Biko,Biko,cache,0,,,
440,2026-10-03T00:33:05.806Z,ey5j2k,P05,yes,,gesture,ig,7,74,Please,Biko,Biko,Biko,cache,0,,,
441,2026-10-03T00:33:07.785Z,ey5j2k,P05,yes,,gesture,ig,9,97,I need help,M na-achọ enyemaka,M na-achọ enyemaka,Achọrọ m enyemaka,cache,0,,,
442,2026-10-03T00:33:09.164Z,ey5j2k,P05,yes,,sentence,ig,,,Please I am a student How are you Please Please Please Please,"Biko, abụ m nwa akwụkwọ. Kedu ka ị dị? Biko biko biko biko biko","Biko, abụ m nwa akwụkwọ. Kedu ka ị dị? Biko biko biko biko biko",,natlas,3550,,,
443,2026-10-03T00:33:10.367Z,ey5j2k,P05,yes,,gesture,ig,8,99,How are you,Gịnị ka ị na-adị?,Gịnị ka ị na-adị?,Kedu ka ị mere?,cache,0,,,
444,2026-10-03T00:33:12.345Z,ey5j2k,P05,yes,,gesture,ig,7,95,Please,Biko,Biko,Biko,cache,0,,,
445,2026-10-03T00:33:14.325Z,ey5j2k,P05,yes,,gesture,ig,8,99,How are you,Gịnị ka ị na-adị?,Gịnị ka ị na-adị?,Kedu ka ị mere?,cache,0,,,
446,2026-10-03T00:33:16.426Z,ey5j2k,P05,yes,,gesture,ig,8,92,How are you,Gịnị ka ị na-adị?,Gịnị ka ị na-adị?,Kedu ka ị mere?,cache,0,yes,no,2026-10-03T00:33:38.025Z
447,2026-10-03T00:33:26.226Z,ey5j2k,P05,yes,,sentence,ig,,,Please I need help How are you Please How are you How are you,"Biko, achọrọ m enyemaka Kedu ka ị na-adị Biko kedu ka ị na-adị Kedu ka ị na-adị","Biko, achọrọ m enyemaka Kedu ka ị na-adị Biko kedu ka ị na-adị Kedu ka ị na-adị",,natlas,5788,,,
448,2026-10-03T00:33:43.370Z,ey5j2k,P05,no,,prewarm,yo,1,,Good Morning,Bawo ni,Bawo ni,Ẹ kú àárọ̀,cache,0,,,
449,2026-10-03T00:33:43.375Z,ey5j2k,P05,no,,prewarm,yo,2,,My name is,Orukọ mi ni,Orukọ mi ni,Orukọ mi ni,cache,0,,,
450,2026-10-03T00:33:43.377Z,ey5j2k,P05,no,,prewarm,yo,3,,I am a student,Mo jẹ akẹ́kọ̀ọ́,Mo jẹ akẹ́kọ̀ọ́,Akẹkọọ ni mi,cache,0,,,
451,2026-10-03T00:33:43.380Z,ey5j2k,P05,no,,prewarm,yo,5,,This is my work,Eyi ni iṣẹ́ mi,Eyi ni iṣẹ́ mi,Iṣẹ mi ni eyi,cache,0,,,
452,2026-10-03T00:33:43.382Z,ey5j2k,P05,no,,prewarm,yo,7,,Please,Jowo,Jowo,Ẹ jọwọ,cache,0,,,
453,2026-10-03T00:33:43.385Z,ey5j2k,P05,no,,prewarm,yo,8,,How are you,Bawo ni o se wa?,Bawo ni o se wa?,Bawo ni?,cache,0,,,
454,2026-10-03T00:33:43.387Z,ey5j2k,P05,no,,prewarm,yo,9,,I need help,Mo nilo iranlọwọ,Mo nilo iranlọwọ,Mo nilo iranlọwọ,cache,0,,,
455,2026-10-03T00:33:43.389Z,ey5j2k,P05,no,,prewarm,yo,10,,Stop,Duro,Duro,Duro,cache,0,,,
456,2026-10-03T00:33:48.227Z,ey5j2k,P05,yes,,gesture,yo,8,91,How are you,Bawo ni o se wa?,Bawo ni o se wa?,Bawo ni?,cache,0,,,
457,2026-10-03T00:33:50.206Z,ey5j2k,P05,yes,,gesture,yo,7,99,Please,Jowo,Jowo,Ẹ jọwọ,cache,0,yes,yes,2026-10-03T00:33:55.822Z
458,2026-10-03T00:33:57.471Z,ey5j2k,P05,yes,,sentence,yo,,,How are you Please,Bawo ni o se wa? Jowo,Bawo ni o se wa? Jowo,,natlas,3258,,,
459,2026-10-03T00:33:59.868Z,ey5j2k,P05,yes,,gesture,yo,9,99,I need help,Mo nilo iranlọwọ,Mo nilo iranlọwọ,Mo nilo iranlọwọ,cache,0,yes,yes,2026-10-03T00:34:04.472Z
460,2026-10-03T00:34:08.687Z,ey5j2k,P05,yes,,gesture,yo,3,83,I am a student,Mo jẹ akẹ́kọ̀ọ́,Mo jẹ akẹ́kọ̀ọ́,Akẹkọọ ni mi,cache,0,yes,yes,2026-10-03T00:34:12.270Z
461,2026-10-03T00:34:16.703Z,ey5j2k,P05,yes,,sentence,yo,,,I need help I am a student,Mo nilo iranlọwọ Mo jẹ akẹkọ,Mo nilo iranlọwọ Mo jẹ akẹkọ,,natlas,3993,,,
462,2026-10-03T00:34:18.707Z,ey5j2k,P05,yes,,gesture,yo,5,75,This is my work,Eyi ni iṣẹ́ mi,Eyi ni iṣẹ́ mi,Iṣẹ mi ni eyi,cache,0,yes,yes,2026-10-03T00:34:23.314Z
463,2026-10-03T00:34:27.768Z,ey5j2k,P05,no,,prewarm,ha,1,,Good Morning,Barka da safiya,Barka da safiya,Ina kwana,cache,0,,,
464,2026-10-03T00:34:27.773Z,ey5j2k,P05,no,,prewarm,ha,2,,My name is,Sunana,Sunana,Sunana,cache,0,,,
465,2026-10-03T00:34:27.775Z,ey5j2k,P05,no,,prewarm,ha,3,,I am a student,Ni dalibi ne,Ni dalibi ne,Ni ɗalibi ne,cache,0,,,
466,2026-10-03T00:34:27.778Z,ey5j2k,P05,no,,prewarm,ha,5,,This is my work,Wannan shine aikina,Wannan shine aikina,Wannan shine aiki na,cache,0,,,
467,2026-10-03T00:34:27.780Z,ey5j2k,P05,no,,prewarm,ha,7,,Please,Don Allah,Don Allah,Don Allah,cache,0,,,
468,2026-10-03T00:34:27.782Z,ey5j2k,P05,no,,prewarm,ha,8,,How are you,Yaya kake?,Yaya kake?,Yaya kake?,cache,0,,,
469,2026-10-03T00:34:27.785Z,ey5j2k,P05,no,,prewarm,ha,9,,I need help,Ina bukatar taimako,Ina bukatar taimako,Ina buƙatar taimako,cache,0,,,
470,2026-10-03T00:34:27.787Z,ey5j2k,P05,no,,prewarm,ha,10,,Stop,Kare,Kare,Tsaya,cache,0,,,
471,2026-10-03T00:34:48.408Z,ey5j2k,P05,yes,,gesture,ha,1,92,Good Morning,Barka da safiya,Barka da safiya,Ina kwana,cache,0,yes,no,2026-10-03T00:34:55.555Z
472,2026-10-03T00:34:55.392Z,ey5j2k,P05,yes,,sentence,ha,,,This is my work Good Morning,Wannan shine aikina Ina kwana,Wannan shine aikina Ina kwana,,natlas,2975,,,
473,2026-10-03T00:34:59.809Z,ey5j2k,P05,yes,,gesture,ha,7,90,Please,Don Allah,Don Allah,Don Allah,cache,0,,,
474,2026-10-03T00:35:03.708Z,ey5j2k,P05,yes,,gesture,ha,6,99,FUTminna,FUTminna,FUTminna,FUTminna,passthrough,0,,,
475,2026-10-03T00:35:06.228Z,ey5j2k,P05,yes,,gesture,ha,4,92,Hameed,Hameed,Hameed,Hameed,passthrough,0,yes,no,2026-10-03T00:35:09.522Z
476,2026-10-03T00:35:11.538Z,ey5j2k,P05,no,,prewarm,yo,1,,Good Morning,Bawo ni,Bawo ni,Ẹ kú àárọ̀,cache,0,,,
477,2026-10-03T00:35:11.540Z,ey5j2k,P05,no,,prewarm,yo,2,,My name is,Orukọ mi ni,Orukọ mi ni,Orukọ mi ni,cache,0,,,
478,2026-10-03T00:35:11.542Z,ey5j2k,P05,no,,prewarm,yo,3,,I am a student,Mo jẹ akẹ́kọ̀ọ́,Mo jẹ akẹ́kọ̀ọ́,Akẹkọọ ni mi,cache,0,,,
479,2026-10-03T00:35:11.545Z,ey5j2k,P05,no,,prewarm,yo,5,,This is my work,Eyi ni iṣẹ́ mi,Eyi ni iṣẹ́ mi,Iṣẹ mi ni eyi,cache,0,,,
480,2026-10-03T00:35:11.547Z,ey5j2k,P05,no,,prewarm,yo,7,,Please,Jowo,Jowo,Ẹ jọwọ,cache,0,,,
481,2026-10-03T00:35:11.550Z,ey5j2k,P05,no,,prewarm,yo,8,,How are you,Bawo ni o se wa?,Bawo ni o se wa?,Bawo ni?,cache,0,,,
482,2026-10-03T00:35:11.552Z,ey5j2k,P05,no,,prewarm,yo,9,,I need help,Mo nilo iranlọwọ,Mo nilo iranlọwọ,Mo nilo iranlọwọ,cache,0,,,
483,2026-10-03T00:35:11.555Z,ey5j2k,P05,no,,prewarm,yo,10,,Stop,Duro,Duro,Duro,cache,0,,,
484,2026-10-03T00:35:12.979Z,ey5j2k,P05,yes,,sentence,ha,,,Please FUTminna Hameed,"Don Allah, FUTminna Hameed","Don Allah, FUTminna Hameed",,natlas,2729,,,
485,2026-10-03T00:35:14.296Z,ey5j2k,P05,no,,prewarm,ig,1,,Good Morning,Ụtụtụ ọma,Ụtụtụ ọma,Ụtụtụ ọma,cache,0,,,
486,2026-10-03T00:35:14.298Z,ey5j2k,P05,no,,prewarm,ig,2,,My name is,Aha m bụ,Aha m bụ,Aha m bụ,cache,0,,,
487,2026-10-03T00:35:14.300Z,ey5j2k,P05,no,,prewarm,ig,3,,I am a student,Abụ m akwụkwọ,Abụ m akwụkwọ,Abụ m nwa akwụkwọ,cache,0,,,
488,2026-10-03T00:35:14.303Z,ey5j2k,P05,no,,prewarm,ig,5,,This is my work,Nke a bụ ọrụ m,Nke a bụ ọrụ m,Nke a bụ ọrụ m,cache,0,,,
489,2026-10-03T00:35:14.305Z,ey5j2k,P05,no,,prewarm,ig,7,,Please,Biko,Biko,Biko,cache,0,,,
490,2026-10-03T00:35:14.307Z,ey5j2k,P05,no,,prewarm,ig,8,,How are you,Gịnị ka ị na-adị?,Gịnị ka ị na-adị?,Kedu ka ị mere?,cache,0,,,
491,2026-10-03T00:35:14.309Z,ey5j2k,P05,no,,prewarm,ig,9,,I need help,M na-achọ enyemaka,M na-achọ enyemaka,Achọrọ m enyemaka,cache,0,,,
492,2026-10-03T00:35:14.312Z,ey5j2k,P05,no,,prewarm,ig,10,,Stop,Kwụsị,Kwụsị,Kwụsị,cache,0,,,
493,2026-10-03T00:35:15.592Z,ey5j2k,P05,no,,prewarm,ha,1,,Good Morning,Barka da safiya,Barka da safiya,Ina kwana,cache,0,,,
494,2026-10-03T00:35:15.595Z,ey5j2k,P05,no,,prewarm,ha,2,,My name is,Sunana,Sunana,Sunana,cache,0,,,
495,2026-10-03T00:35:15.598Z,ey5j2k,P05,no,,prewarm,ha,3,,I am a student,Ni dalibi ne,Ni dalibi ne,Ni ɗalibi ne,cache,0,,,
496,2026-10-03T00:35:15.600Z,ey5j2k,P05,no,,prewarm,ha,5,,This is my work,Wannan shine aikina,Wannan shine aikina,Wannan shine aiki na,cache,0,,,
497,2026-10-03T00:35:15.603Z,ey5j2k,P05,no,,prewarm,ha,7,,Please,Don Allah,Don Allah,Don Allah,cache,0,,,
498,2026-10-03T00:35:15.605Z,ey5j2k,P05,no,,prewarm,ha,8,,How are you,Yaya kake?,Yaya kake?,Yaya kake?,cache,0,,,
499,2026-10-03T00:35:15.607Z,ey5j2k,P05,no,,prewarm,ha,9,,I need help,Ina bukatar taimako,Ina bukatar taimako,Ina buƙatar taimako,cache,0,,,
500,2026-10-03T00:35:15.610Z,ey5j2k,P05,no,,prewarm,ha,10,,Stop,Kare,Kare,Tsaya,cache,0,,,
501,2026-10-03T00:35:17.277Z,ey5j2k,P05,no,,prewarm,ig,1,,Good Morning,Ụtụtụ ọma,Ụtụtụ ọma,Ụtụtụ ọma,cache,0,,,
502,2026-10-03T00:35:17.280Z,ey5j2k,P05,no,,prewarm,ig,2,,My name is,Aha m bụ,Aha m bụ,Aha m bụ,cache,0,,,
503,2026-10-03T00:35:17.282Z,ey5j2k,P05,no,,prewarm,ig,3,,I am a student,Abụ m akwụkwọ,Abụ m akwụkwọ,Abụ m nwa akwụkwọ,cache,0,,,
504,2026-10-03T00:35:17.285Z,ey5j2k,P05,no,,prewarm,ig,5,,This is my work,Nke a bụ ọrụ m,Nke a bụ ọrụ m,Nke a bụ ọrụ m,cache,0,,,
505,2026-10-03T00:35:17.288Z,ey5j2k,P05,no,,prewarm,ig,7,,Please,Biko,Biko,Biko,cache,0,,,
506,2026-10-03T00:35:17.291Z,ey5j2k,P05,no,,prewarm,ig,8,,How are you,Gịnị ka ị na-adị?,Gịnị ka ị na-adị?,Kedu ka ị mere?,cache,0,,,
507,2026-10-03T00:35:17.293Z,ey5j2k,P05,no,,prewarm,ig,9,,I need help,M na-achọ enyemaka,M na-achọ enyemaka,Achọrọ m enyemaka,cache,0,,,
508,2026-10-03T00:35:17.295Z,ey5j2k,P05,no,,prewarm,ig,10,,Stop,Kwụsị,Kwụsị,Kwụsị,cache,0,,,
509,2026-10-03T00:35:20.928Z,ey5j2k,P05,yes,,gesture,ig,2,65,My name is,Aha m bụ,Aha m bụ,Aha m bụ,cache,0,yes,yes,2026-10-03T00:35:26.646Z
510,2026-10-03T00:35:28.849Z,ey5j2k,P05,yes,,gesture,ig,5,81,This is my work,Nke a bụ ọrụ m,Nke a bụ ọrụ m,Nke a bụ ọrụ m,cache,0,yes,yes,2026-10-03T00:35:35.742Z
511,2026-10-03T00:35:35.563Z,ey5j2k,P05,yes,,sentence,ig,,,My name is This is my work,Aha m bụ Nke a bụ ọrụ m,Aha m bụ Nke a bụ ọrụ m,,natlas,2700,,,
512,2026-10-03T00:35:42.409Z,ey5j2k,P05,yes,,gesture,ig,4,90,Hameed,Hameed,Hameed,Hameed,passthrough,0,,,
513,2026-10-03T00:36:03.409Z,ey5j2k,P06,yes,,gesture,ig,2,99,My name is,Aha m bụ,Aha m bụ,Aha m bụ,cache,0,,,
514,2026-10-03T00:36:05.389Z,ey5j2k,P06,yes,,gesture,ig,4,94,Hameed,Hameed,Hameed,Hameed,passthrough,0,yes,no,2026-10-03T00:36:09.699Z
515,2026-10-03T00:36:12.665Z,ey5j2k,P06,yes,,sentence,ig,,,Hameed My name is Hameed,Hameed Aha m bụ Hameed,Hameed Aha m bụ Hameed,,natlas,3266,,,
516,2026-10-03T00:36:16.249Z,ey5j2k,P06,yes,,gesture,ig,4,90,Hameed,Hameed,Hameed,Hameed,passthrough,0,,,
517,2026-10-03T00:36:19.609Z,ey5j2k,P06,yes,,gesture,ig,1,99,Good Morning,Ụtụtụ ọma,Ụtụtụ ọma,Ụtụtụ ọma,cache,0,yes,yes,2026-10-03T00:36:24.405Z
518,2026-10-03T00:36:25.945Z,ey5j2k,P06,yes,,sentence,ig,,,Hameed Good Morning,Hameed ekele,Hameed ekele,,natlas,2324,,,
519,2026-10-03T00:36:29.449Z,ey5j2k,P06,yes,,gesture,ig,5,95,This is my work,Nke a bụ ọrụ m,Nke a bụ ọrụ m,Nke a bụ ọrụ m,cache,0,yes,yes,2026-10-03T00:36:36.923Z
520,2026-10-03T00:36:39.967Z,ey5j2k,P06,no,,prewarm,yo,1,,Good Morning,Bawo ni,Bawo ni,Ẹ kú àárọ̀,cache,0,,,
521,2026-10-03T00:36:39.971Z,ey5j2k,P06,no,,prewarm,yo,2,,My name is,Orukọ mi ni,Orukọ mi ni,Orukọ mi ni,cache,0,,,
522,2026-10-03T00:36:39.973Z,ey5j2k,P06,no,,prewarm,yo,3,,I am a student,Mo jẹ akẹ́kọ̀ọ́,Mo jẹ akẹ́kọ̀ọ́,Akẹkọọ ni mi,cache,0,,,
523,2026-10-03T00:36:39.976Z,ey5j2k,P06,no,,prewarm,yo,5,,This is my work,Eyi ni iṣẹ́ mi,Eyi ni iṣẹ́ mi,Iṣẹ mi ni eyi,cache,0,,,
524,2026-10-03T00:36:39.979Z,ey5j2k,P06,no,,prewarm,yo,7,,Please,Jowo,Jowo,Ẹ jọwọ,cache,0,,,
525,2026-10-03T00:36:39.982Z,ey5j2k,P06,no,,prewarm,yo,8,,How are you,Bawo ni o se wa?,Bawo ni o se wa?,Bawo ni?,cache,0,,,
526,2026-10-03T00:36:39.985Z,ey5j2k,P06,no,,prewarm,yo,9,,I need help,Mo nilo iranlọwọ,Mo nilo iranlọwọ,Mo nilo iranlọwọ,cache,0,,,
527,2026-10-03T00:36:39.988Z,ey5j2k,P06,no,,prewarm,yo,10,,Stop,Duro,Duro,Duro,cache,0,,,
528,2026-10-03T00:36:43.250Z,ey5j2k,P06,yes,,gesture,yo,2,68,My name is,Orukọ mi ni,Orukọ mi ni,Orukọ mi ni,cache,0,yes,yes,2026-10-03T00:36:47.696Z
529,2026-10-03T00:36:47.265Z,ey5j2k,P06,yes,,sentence,yo,,,This is my work My name is,Eyi ni ise mi Orukọ mi ni,Eyi ni ise mi Orukọ mi ni,,cache,0,,,
530,2026-10-03T00:36:50.329Z,ey5j2k,P06,yes,,gesture,yo,5,83,This is my work,Eyi ni iṣẹ́ mi,Eyi ni iṣẹ́ mi,Iṣẹ mi ni eyi,cache,0,,,
531,2026-10-03T00:36:53.750Z,ey5j2k,P06,yes,,gesture,yo,1,91,Good Morning,Bawo ni,Bawo ni,Ẹ kú àárọ̀,cache,0,yes,no,2026-10-03T00:36:57.538Z
532,2026-10-03T00:37:00.231Z,ey5j2k,P06,yes,,gesture,yo,5,84,This is my work,Eyi ni iṣẹ́ mi,Eyi ni iṣẹ́ mi,Iṣẹ mi ni eyi,cache,0,,,
533,2026-10-03T00:37:00.948Z,ey5j2k,P06,yes,,sentence,yo,,,This is my work Good Morning,Eyi ni iṣẹ́ mi Ẹ kú àárọ̀,Eyi ni iṣẹ́ mi Ẹ kú àárọ̀,,natlas,3189,,,
534,2026-10-03T00:37:05.330Z,ey5j2k,P06,yes,,gesture,yo,8,60,How are you,Bawo ni o se wa?,Bawo ni o se wa?,Bawo ni?,cache,0,yes,yes,2026-10-03T00:37:10.293Z
535,2026-10-03T00:37:13.229Z,ey5j2k,P06,yes,,sentence,yo,,,This is my work How are you,Eyi ni iṣẹ́ mi bawo ni iwọ,Eyi ni iṣẹ́ mi bawo ni iwọ,,natlas,3885,,,
536,2026-10-03T00:37:19.126Z,ey5j2k,P06,no,,prewarm,ha,1,,Good Morning,Barka da safiya,Barka da safiya,Ina kwana,cache,0,,,
537,2026-10-03T00:37:19.130Z,ey5j2k,P06,no,,prewarm,ha,2,,My name is,Sunana,Sunana,Sunana,cache,0,,,
538,2026-10-03T00:37:19.132Z,ey5j2k,P06,no,,prewarm,ha,3,,I am a student,Ni dalibi ne,Ni dalibi ne,Ni ɗalibi ne,cache,0,,,
539,2026-10-03T00:37:19.134Z,ey5j2k,P06,no,,prewarm,ha,5,,This is my work,Wannan shine aikina,Wannan shine aikina,Wannan shine aiki na,cache,0,,,
540,2026-10-03T00:37:19.137Z,ey5j2k,P06,no,,prewarm,ha,7,,Please,Don Allah,Don Allah,Don Allah,cache,0,,,
541,2026-10-03T00:37:19.140Z,ey5j2k,P06,no,,prewarm,ha,8,,How are you,Yaya kake?,Yaya kake?,Yaya kake?,cache,0,,,
542,2026-10-03T00:37:19.143Z,ey5j2k,P06,no,,prewarm,ha,9,,I need help,Ina bukatar taimako,Ina bukatar taimako,Ina buƙatar taimako,cache,0,,,
543,2026-10-03T00:37:19.146Z,ey5j2k,P06,no,,prewarm,ha,10,,Stop,Kare,Kare,Tsaya,cache,0,,,
544,2026-10-03T00:37:20.990Z,ey5j2k,P06,yes,,gesture,ha,2,66,My name is,Sunana,Sunana,Sunana,cache,0,yes,yes,2026-10-03T00:37:24.919Z
545,2026-10-03T00:37:26.150Z,ey5j2k,P06,yes,,gesture,ha,1,99,Good Morning,Barka da safiya,Barka da safiya,Ina kwana,cache,0,yes,no,2026-10-03T00:37:30.553Z
546,2026-10-03T00:37:32.874Z,ey5j2k,P06,yes,,sentence,ha,,,My name is Good Morning,Sunana Barka da Sallah,Sunana Barka da Sallah,,natlas,2702,,,
547,2026-10-03T00:37:33.110Z,ey5j2k,P06,yes,,gesture,ha,9,89,I need help,Ina bukatar taimako,Ina bukatar taimako,Ina buƙatar taimako,cache,0,yes,no,2026-10-03T00:37:37.873Z
548,2026-10-03T00:37:39.531Z,ey5j2k,P06,no,,prewarm,ig,1,,Good Morning,Ụtụtụ ọma,Ụtụtụ ọma,Ụtụtụ ọma,cache,0,,,
549,2026-10-03T00:37:39.534Z,ey5j2k,P06,no,,prewarm,ig,2,,My name is,Aha m bụ,Aha m bụ,Aha m bụ,cache,0,,,
550,2026-10-03T00:37:39.536Z,ey5j2k,P06,no,,prewarm,ig,3,,I am a student,Abụ m akwụkwọ,Abụ m akwụkwọ,Abụ m nwa akwụkwọ,cache,0,,,
551,2026-10-03T00:37:39.538Z,ey5j2k,P06,no,,prewarm,ig,5,,This is my work,Nke a bụ ọrụ m,Nke a bụ ọrụ m,Nke a bụ ọrụ m,cache,0,,,
552,2026-10-03T00:37:39.541Z,ey5j2k,P06,no,,prewarm,ig,7,,Please,Biko,Biko,Biko,cache,0,,,
553,2026-10-03T00:37:39.543Z,ey5j2k,P06,no,,prewarm,ig,8,,How are you,Gịnị ka ị na-adị?,Gịnị ka ị na-adị?,Kedu ka ị mere?,cache,0,,,
554,2026-10-03T00:37:39.546Z,ey5j2k,P06,no,,prewarm,ig,9,,I need help,M na-achọ enyemaka,M na-achọ enyemaka,Achọrọ m enyemaka,cache,0,,,
555,2026-10-03T00:37:39.549Z,ey5j2k,P06,no,,prewarm,ig,10,,Stop,Kwụsị,Kwụsị,Kwụsị,cache,0,,,
556,2026-10-03T00:37:43.190Z,ey5j2k,P06,yes,,gesture,ig,10,68,Stop,Kwụsị,Kwụsị,Kwụsị,cache,0,yes,yes,2026-10-03T00:37:48.143Z
557,2026-10-03T00:37:49.191Z,ey5j2k,P06,yes,,gesture,ig,6,99,FUTminna,FUTminna,FUTminna,FUTminna,passthrough,0,yes,no,2026-10-03T00:37:52.693Z
558,2026-10-03T00:37:50.058Z,ey5j2k,P06,yes,,sentence,ig,,,I need help Stop,M ga-achọ enyemaka Kwụsị,M ga-achọ enyemaka Kwụsị,,natlas,2856,,,
559,2026-10-03T00:37:55.251Z,ey5j2k,P06,yes,,gesture,ig,8,60,How are you,Gịnị ka ị na-adị?,Gịnị ka ị na-adị?,Kedu ka ị mere?,cache,0,yes,,
560,2026-10-03T00:37:57.242Z,ey5j2k,P06,yes,,gesture,ig,8,71,How are you,Gịnị ka ị na-adị?,Gịnị ka ị na-adị?,Kedu ka ị mere?,cache,0,,no,
561,2026-10-03T00:38:00.830Z,ey5j2k,P06,yes,,gesture,ig,1,70,Good Morning,Ụtụtụ ọma,Ụtụtụ ọma,Ụtụtụ ọma,cache,0,yes,yes,2026-10-03T00:38:04.634Z
562,2026-10-03T00:38:06.291Z,ey5j2k,P06,yes,,gesture,ig,1,99,Good Morning,Ụtụtụ ọma,Ụtụtụ ọma,Ụtụtụ ọma,cache,0,yes,yes,2026-10-03T00:38:12.924Z
563,2026-10-03T00:38:08.197Z,ey5j2k,P06,yes,,sentence,ig,,,FUTminna How are you How are you Good Morning,FUTminna Kedu ka i si dị? Kedu ka i si dị? Ụtụtụ ọma,FUTminna Kedu ka i si dị? Kedu ka i si dị? Ụtụtụ ọma,,natlas,3359,,,
564,2026-10-03T00:38:19.011Z,ey5j2k,P06,yes,,gesture,ig,8,99,How are you,Gịnị ka ị na-adị?,Gịnị ka ị na-adị?,Kedu ka ị mere?,cache,0,,,
565,2026-10-03T00:38:25.496Z,ey5j2k,P06,no,,prewarm,ha,1,,Good Morning,Barka da safiya,Barka da safiya,Ina kwana,cache,0,,,
566,2026-10-03T00:38:25.500Z,ey5j2k,P06,no,,prewarm,ha,2,,My name is,Sunana,Sunana,Sunana,cache,0,,,
567,2026-10-03T00:38:25.503Z,ey5j2k,P06,no,,prewarm,ha,3,,I am a student,Ni dalibi ne,Ni dalibi ne,Ni ɗalibi ne,cache,0,,,
568,2026-10-03T00:38:25.505Z,ey5j2k,P06,no,,prewarm,ha,5,,This is my work,Wannan shine aikina,Wannan shine aikina,Wannan shine aiki na,cache,0,,,
569,2026-10-03T00:38:25.508Z,ey5j2k,P06,no,,prewarm,ha,7,,Please,Don Allah,Don Allah,Don Allah,cache,0,,,
570,2026-10-03T00:38:25.510Z,ey5j2k,P06,no,,prewarm,ha,8,,How are you,Yaya kake?,Yaya kake?,Yaya kake?,cache,0,,,
571,2026-10-03T00:38:25.513Z,ey5j2k,P06,no,,prewarm,ha,9,,I need help,Ina bukatar taimako,Ina bukatar taimako,Ina buƙatar taimako,cache,0,,,
572,2026-10-03T00:38:25.515Z,ey5j2k,P06,no,,prewarm,ha,10,,Stop,Kare,Kare,Tsaya,cache,0,,,
573,2026-10-03T00:38:25.920Z,ey5j2k,P06,yes,,sentence,ig,,,Good Morning How are you,"Ụtụtụ ọma, kedu ka i si dị?","Ụtụtụ ọma, kedu ka i si dị?",,natlas,2901,,,
574,2026-10-03T00:38:29.331Z,ey5j2k,P06,yes,,gesture,ha,6,72,FUTminna,FUTminna,FUTminna,FUTminna,passthrough,0,,,
575,2026-10-03T00:38:31.851Z,ey5j2k,P06,yes,,gesture,ha,6,99,FUTminna,FUTminna,FUTminna,FUTminna,passthrough,0,,,
576,2026-10-03T00:38:38.271Z,ey5j2k,P06,yes,,gesture,ha,5,91,This is my work,Wannan shine aikina,Wannan shine aikina,Wannan shine aiki na,cache,0,yes,yes,2026-10-03T00:38:42.695Z
577,2026-10-03T00:38:38.871Z,ey5j2k,P06,yes,,sentence,ha,,,FUTminna FUTminna,FUTminna FUTminna,FUTminna FUTminna,,passthrough,3007,,,
578,2026-10-03T00:38:43.191Z,ey5j2k,P06,yes,,gesture,ha,5,81,This is my work,Wannan shine aikina,Wannan shine aikina,Wannan shine aiki na,cache,0,yes,yes,2026-10-03T00:38:47.619Z
579,2026-10-03T00:38:49.615Z,ey5j2k,P06,yes,,sentence,ha,,,This is my work This is my work,Wannan shine aikina Wannan shine aikina,Wannan shine aikina Wannan shine aikina,,natlas,2417,,,
580,2026-10-03T00:38:56.511Z,ey5j2k,P06,yes,,gesture,ha,8,99,How are you,Yaya kake?,Yaya kake?,Yaya kake?,cache,0,no,yes,2026-10-03T00:38:59.206Z
581,2026-10-03T00:39:11.931Z,ey5j2k,P06,yes,,gesture,ha,5,90,This is my work,Wannan shine aikina,Wannan shine aikina,Wannan shine aiki na,cache,0,,,
582,2026-10-03T00:39:14.931Z,ey5j2k,P06,yes,,gesture,ha,9,71,I need help,Ina bukatar taimako,Ina bukatar taimako,Ina buƙatar taimako,cache,0,yes,yes,2026-10-03T00:39:19.019Z
583,2026-10-03T00:39:21.437Z,ey5j2k,P06,no,,prewarm,yo,1,,Good Morning,Bawo ni,Bawo ni,Ẹ kú àárọ̀,cache,0,,,
584,2026-10-03T00:39:21.441Z,ey5j2k,P06,no,,prewarm,yo,2,,My name is,Orukọ mi ni,Orukọ mi ni,Orukọ mi ni,cache,0,,,
585,2026-10-03T00:39:21.444Z,ey5j2k,P06,no,,prewarm,yo,3,,I am a student,Mo jẹ akẹ́kọ̀ọ́,Mo jẹ akẹ́kọ̀ọ́,Akẹkọọ ni mi,cache,0,,,
586,2026-10-03T00:39:21.447Z,ey5j2k,P06,no,,prewarm,yo,5,,This is my work,Eyi ni iṣẹ́ mi,Eyi ni iṣẹ́ mi,Iṣẹ mi ni eyi,cache,0,,,
587,2026-10-03T00:39:21.450Z,ey5j2k,P06,no,,prewarm,yo,7,,Please,Jowo,Jowo,Ẹ jọwọ,cache,0,,,
588,2026-10-03T00:39:21.452Z,ey5j2k,P06,no,,prewarm,yo,8,,How are you,Bawo ni o se wa?,Bawo ni o se wa?,Bawo ni?,cache,0,,,
589,2026-10-03T00:39:21.454Z,ey5j2k,P06,no,,prewarm,yo,9,,I need help,Mo nilo iranlọwọ,Mo nilo iranlọwọ,Mo nilo iranlọwọ,cache,0,,,
590,2026-10-03T00:39:21.457Z,ey5j2k,P06,no,,prewarm,yo,10,,Stop,Duro,Duro,Duro,cache,0,,,
591,2026-10-03T00:39:22.594Z,ey5j2k,P06,yes,,sentence,ha,,,How are you This is my work I need help,Yaya kike? Wannan shine aikina Ina bukatar taimako,Yaya kike? Wannan shine aikina Ina bukatar taimako,,natlas,3648,,,
592,2026-10-03T00:39:27.832Z,ey5j2k,P06,yes,,gesture,yo,1,99,Good Morning,Bawo ni,Bawo ni,Ẹ kú àárọ̀,cache,0,no,no,2026-10-03T00:39:36.111Z
593,2026-10-03T00:39:40.972Z,ey5j2k,P06,yes,,gesture,yo,8,99,How are you,Bawo ni o se wa?,Bawo ni o se wa?,Bawo ni?,cache,0,yes,yes,2026-10-03T00:39:44.777Z
594,2026-10-03T00:39:48.012Z,ey5j2k,P06,yes,,sentence,yo,,,Good Morning How are you,Ẹ ku àárọ̀ bawo ni o se wa?,Ẹ ku àárọ̀ bawo ni o se wa?,,natlas,3028,,,
595,2026-10-03T00:39:51.172Z,ey5j2k,P06,yes,,gesture,yo,1,99,Good Morning,Bawo ni,Bawo ni,Ẹ kú àárọ̀,cache,0,,,
596,2026-10-03T00:40:00.233Z,ey5j2k,P06,yes,,gesture,yo,1,99,Good Morning,Bawo ni,Bawo ni,Ẹ kú àárọ̀,cache,0,,,
597,2026-10-03T00:40:02.211Z,ey5j2k,P06,yes,,gesture,yo,5,63,This is my work,Eyi ni iṣẹ́ mi,Eyi ni iṣẹ́ mi,Iṣẹ mi ni eyi,cache,0,,,
598,2026-10-03T00:40:04.191Z,ey5j2k,P06,yes,,gesture,yo,5,76,This is my work,Eyi ni iṣẹ́ mi,Eyi ni iṣẹ́ mi,Iṣẹ mi ni eyi,cache,0,yes,yes,2026-10-03T00:40:06.555Z
599,2026-10-03T00:40:13.109Z,ey5j2k,P0,yes,,sentence,yo,,,Good Morning Good Morning This is my work This is my work,Bawo ni gbogbo eniyan ṣe n ṣe? Eyi ni iṣẹ́ mi. Èyí ni iṣẹ́ mi.,Bawo ni gbogbo eniyan ṣe n ṣe? Eyi ni iṣẹ́ mi. Èyí ni iṣẹ́ mi.,,natlas,4899,,,
600,2026-10-03T00:40:19.502Z,ey5j2k,P07,no,,prewarm,ig,1,,Good Morning,Ụtụtụ ọma,Ụtụtụ ọma,Ụtụtụ ọma,cache,0,,,
601,2026-10-03T00:40:19.505Z,ey5j2k,P07,no,,prewarm,ig,2,,My name is,Aha m bụ,Aha m bụ,Aha m bụ,cache,0,,,
602,2026-10-03T00:40:19.508Z,ey5j2k,P07,no,,prewarm,ig,3,,I am a student,Abụ m akwụkwọ,Abụ m akwụkwọ,Abụ m nwa akwụkwọ,cache,0,,,
603,2026-10-03T00:40:19.511Z,ey5j2k,P07,no,,prewarm,ig,5,,This is my work,Nke a bụ ọrụ m,Nke a bụ ọrụ m,Nke a bụ ọrụ m,cache,0,,,
604,2026-10-03T00:40:19.514Z,ey5j2k,P07,no,,prewarm,ig,7,,Please,Biko,Biko,Biko,cache,0,,,
605,2026-10-03T00:40:19.517Z,ey5j2k,P07,no,,prewarm,ig,8,,How are you,Gịnị ka ị na-adị?,Gịnị ka ị na-adị?,Kedu ka ị mere?,cache,0,,,
606,2026-10-03T00:40:19.519Z,ey5j2k,P07,no,,prewarm,ig,9,,I need help,M na-achọ enyemaka,M na-achọ enyemaka,Achọrọ m enyemaka,cache,0,,,
607,2026-10-03T00:40:19.522Z,ey5j2k,P07,no,,prewarm,ig,10,,Stop,Kwụsị,Kwụsị,Kwụsị,cache,0,,,
608,2026-10-03T00:40:23.153Z,ey5j2k,P07,yes,,gesture,ig,9,99,I need help,M na-achọ enyemaka,M na-achọ enyemaka,Achọrọ m enyemaka,cache,0,yes,no,2026-10-03T00:40:31.151Z
609,2026-10-03T00:40:35.813Z,ey5j2k,P07,yes,,gesture,ig,4,61,Hameed,Hameed,Hameed,Hameed,passthrough,0,yes,no,2026-10-03T00:40:39.483Z
610,2026-10-03T00:40:42.592Z,ey5j2k,P07,yes,,gesture,ig,10,99,Stop,Kwụsị,Kwụsị,Kwụsị,cache,0,yes,yes,2026-10-03T00:40:46.324Z
611,2026-10-03T00:40:45.600Z,ey5j2k,P07,yes,,sentence,ig,,,I need help Hameed,,,,fallback,5773,,,
612,2026-10-03T00:40:48.614Z,ey5j2k,P07,no,,prewarm,yo,1,,Good Morning,Bawo ni,Bawo ni,Ẹ kú àárọ̀,cache,0,,,
613,2026-10-03T00:40:48.617Z,ey5j2k,P07,no,,prewarm,yo,2,,My name is,Orukọ mi ni,Orukọ mi ni,Orukọ mi ni,cache,0,,,
614,2026-10-03T00:40:48.621Z,ey5j2k,P07,no,,prewarm,yo,3,,I am a student,Mo jẹ akẹ́kọ̀ọ́,Mo jẹ akẹ́kọ̀ọ́,Akẹkọọ ni mi,cache,0,,,
615,2026-10-03T00:40:48.625Z,ey5j2k,P07,no,,prewarm,yo,5,,This is my work,Eyi ni iṣẹ́ mi,Eyi ni iṣẹ́ mi,Iṣẹ mi ni eyi,cache,0,,,
616,2026-10-03T00:40:48.628Z,ey5j2k,P07,no,,prewarm,yo,7,,Please,Jowo,Jowo,Ẹ jọwọ,cache,0,,,
617,2026-10-03T00:40:48.631Z,ey5j2k,P07,no,,prewarm,yo,8,,How are you,Bawo ni o se wa?,Bawo ni o se wa?,Bawo ni?,cache,0,,,
618,2026-10-03T00:40:48.633Z,ey5j2k,P07,no,,prewarm,yo,9,,I need help,Mo nilo iranlọwọ,Mo nilo iranlọwọ,Mo nilo iranlọwọ,cache,0,,,
619,2026-10-03T00:40:48.636Z,ey5j2k,P07,no,,prewarm,yo,10,,Stop,Duro,Duro,Duro,cache,0,,,
620,2026-10-03T00:40:53.093Z,ey5j2k,P07,yes,,gesture,yo,8,99,How are you,Bawo ni o se wa?,Bawo ni o se wa?,Bawo ni?,cache,0,yes,yes,2026-10-03T00:40:57.619Z
621,2026-10-03T00:40:57.661Z,ey5j2k,P07,yes,,sentence,yo,,,Stop How are you,,,,fallback,551,,,
622,2026-10-03T00:41:03.233Z,ey5j2k,P07,yes,,gesture,yo,4,87,Hameed,Hameed,Hameed,Hameed,passthrough,0,,,
623,2026-10-03T00:41:05.997Z,ey5j2k,P07,yes,,gesture,yo,8,80,How are you,Bawo ni o se wa?,Bawo ni o se wa?,Bawo ni?,cache,0,no,yes,2026-10-03T00:41:11.820Z
624,2026-10-03T00:41:10.903Z,ey5j2k,P07,yes,,sentence,yo,,,Hameed How are you,,,,fallback,884,,,
625,2026-10-03T00:41:14.573Z,ey5j2k,P07,yes,,gesture,yo,8,99,How are you,Bawo ni o se wa?,Bawo ni o se wa?,Bawo ni?,cache,0,,,
626,2026-10-03T00:41:16.552Z,ey5j2k,P07,yes,,gesture,yo,8,99,How are you,Bawo ni o se wa?,Bawo ni o se wa?,Bawo ni?,cache,0,,yes,
627,2026-10-03T00:41:20.576Z,ey5j2k,P07,yes,,sentence,yo,,,How are you How are you,Bawo ni o se wa Bawo ni o se wa,Bawo ni o se wa Bawo ni o se wa,,cache,0,,,
628,2026-10-03T00:41:25.433Z,ey5j2k,P07,yes,,gesture,yo,1,99,Good Morning,Bawo ni,Bawo ni,Ẹ kú àárọ̀,cache,0,,,
629,2026-10-03T00:41:27.412Z,ey5j2k,P07,yes,,gesture,yo,1,99,Good Morning,Bawo ni,Bawo ni,Ẹ kú àárọ̀,cache,0,yes,no,2026-10-03T00:41:29.853Z
630,2026-10-03T00:41:31.431Z,ey5j2k,P07,yes,,sentence,yo,,,Good Morning Good Morning,Ẹ ku àròyé,Ẹ ku àròyé,,cache,0,,,
631,2026-10-03T00:41:41.273Z,ey5j2k,P07,yes,,gesture,yo,1,99,Good Morning,Bawo ni,Bawo ni,Ẹ kú àárọ̀,cache,0,,,
632,2026-10-03T00:42:16.734Z,ey5j2k,P08,yes,,gesture,yo,1,99,Good Morning,Bawo ni,Bawo ni,Ẹ kú àárọ̀,cache,0,,,
633,2026-10-03T00:42:20.754Z,ey5j2k,P08,yes,,sentence,yo,,,Good Morning Good Morning,Ẹ ku àròyé,Ẹ ku àròyé,,cache,0,,,
634,2026-10-03T00:42:20.900Z,ey5j2k,P08,no,,prewarm,ha,1,,Good Morning,Barka da safiya,Barka da safiya,Ina kwana,cache,0,,,
635,2026-10-03T00:42:20.903Z,ey5j2k,P08,no,,prewarm,ha,2,,My name is,Sunana,Sunana,Sunana,cache,0,,,
636,2026-10-03T00:42:20.905Z,ey5j2k,P08,no,,prewarm,ha,3,,I am a student,Ni dalibi ne,Ni dalibi ne,Ni ɗalibi ne,cache,0,,,
637,2026-10-03T00:42:20.908Z,ey5j2k,P08,no,,prewarm,ha,5,,This is my work,Wannan shine aikina,Wannan shine aikina,Wannan shine aiki na,cache,0,,,
638,2026-10-03T00:42:20.911Z,ey5j2k,P08,no,,prewarm,ha,7,,Please,Don Allah,Don Allah,Don Allah,cache,0,,,
639,2026-10-03T00:42:20.914Z,ey5j2k,P08,no,,prewarm,ha,8,,How are you,Yaya kake?,Yaya kake?,Yaya kake?,cache,0,,,
640,2026-10-03T00:42:20.918Z,ey5j2k,P08,no,,prewarm,ha,9,,I need help,Ina bukatar taimako,Ina bukatar taimako,Ina buƙatar taimako,cache,0,,,
641,2026-10-03T00:42:20.922Z,ey5j2k,P08,no,,prewarm,ha,10,,Stop,Kare,Kare,Tsaya,cache,0,,,
642,2026-10-03T00:42:24.858Z,ey5j2k,P08,no,,prewarm,ig,1,,Good Morning,Ụtụtụ ọma,Ụtụtụ ọma,Ụtụtụ ọma,cache,0,,,
643,2026-10-03T00:42:24.862Z,ey5j2k,P08,no,,prewarm,ig,2,,My name is,Aha m bụ,Aha m bụ,Aha m bụ,cache,0,,,
644,2026-10-03T00:42:24.865Z,ey5j2k,P08,no,,prewarm,ig,3,,I am a student,Abụ m akwụkwọ,Abụ m akwụkwọ,Abụ m nwa akwụkwọ,cache,0,,,
645,2026-10-03T00:42:24.867Z,ey5j2k,P08,no,,prewarm,ig,5,,This is my work,Nke a bụ ọrụ m,Nke a bụ ọrụ m,Nke a bụ ọrụ m,cache,0,,,
646,2026-10-03T00:42:24.871Z,ey5j2k,P08,no,,prewarm,ig,7,,Please,Biko,Biko,Biko,cache,0,,,
647,2026-10-03T00:42:24.874Z,ey5j2k,P08,no,,prewarm,ig,8,,How are you,Gịnị ka ị na-adị?,Gịnị ka ị na-adị?,Kedu ka ị mere?,cache,0,,,
648,2026-10-03T00:42:24.877Z,ey5j2k,P08,no,,prewarm,ig,9,,I need help,M na-achọ enyemaka,M na-achọ enyemaka,Achọrọ m enyemaka,cache,0,,,
649,2026-10-03T00:42:24.880Z,ey5j2k,P08,no,,prewarm,ig,10,,Stop,Kwụsị,Kwụsị,Kwụsị,cache,0,,,
650,2026-10-03T00:42:26.574Z,ey5j2k,P08,yes,,gesture,ig,2,70,My name is,Aha m bụ,Aha m bụ,Aha m bụ,cache,0,yes,yes,2026-10-03T00:42:30.944Z
651,2026-10-03T00:42:32.394Z,ey5j2k,P08,yes,,gesture,ig,8,99,How are you,Gịnị ka ị na-adị?,Gịnị ka ị na-adị?,Kedu ka ị mere?,cache,0,yes,no,2026-10-03T00:42:36.676Z
652,2026-10-03T00:42:37.090Z,ey5j2k,P08,yes,,sentence,ig,,,My name is How are you,,,,fallback,679,,,
653,2026-10-03T00:42:42.294Z,ey5j2k,P08,yes,,gesture,ig,4,99,Hameed,Hameed,Hameed,Hameed,passthrough,0,,,
654,2026-10-03T00:42:44.273Z,ey5j2k,P08,yes,,gesture,ig,1,61,Good Morning,Ụtụtụ ọma,Ụtụtụ ọma,Ụtụtụ ọma,cache,0,yes,yes,2026-10-03T00:42:46.942Z
655,2026-10-03T00:42:48.291Z,ey5j2k,P08,yes,,sentence,ig,,,Hameed Good Morning,Hameed ekele,Hameed ekele,,cache,0,,,
656,2026-10-03T00:42:49.194Z,ey5j2k,P08,yes,,gesture,ig,8,99,How are you,Gịnị ka ị na-adị?,Gịnị ka ị na-adị?,Kedu ka ị mere?,cache,0,no,no,2026-10-03T00:42:53.314Z
657,2026-10-03T00:43:01.794Z,ey5j2k,P08,yes,,gesture,ig,1,99,Good Morning,Ụtụtụ ọma,Ụtụtụ ọma,Ụtụtụ ọma,cache,0,,,
658,2026-10-03T00:43:06.645Z,ey5j2k,P08,yes,,sentence,ig,,,How are you Good Morning,,,,fallback,830,,,
659,2026-10-03T00:43:12.535Z,ey5j2k,P08,yes,,gesture,ig,4,99,Hameed,Hameed,Hameed,Hameed,passthrough,0,,,
660,2026-10-03T00:43:16.495Z,ey5j2k,P08,yes,,gesture,ig,7,64,Please,Biko,Biko,Biko,cache,0,,,
661,2026-10-03T00:43:18.474Z,ey5j2k,P08,yes,,gesture,ig,7,69,Please,Biko,Biko,Biko,cache,0,yes,yes,2026-10-03T00:43:22.018Z
662,2026-10-03T00:43:23.842Z,ey5j2k,P08,yes,,sentence,ig,,,Hameed Please Please,,,,fallback,1343,,,
663,2026-10-03T00:43:23.942Z,ey5j2k,P08,no,,prewarm,yo,1,,Good Morning,Bawo ni,Bawo ni,Ẹ kú àárọ̀,cache,0,,,
664,2026-10-03T00:43:23.945Z,ey5j2k,P08,no,,prewarm,yo,2,,My name is,Orukọ mi ni,Orukọ mi ni,Orukọ mi ni,cache,0,,,
665,2026-10-03T00:43:23.949Z,ey5j2k,P08,no,,prewarm,yo,3,,I am a student,Mo jẹ akẹ́kọ̀ọ́,Mo jẹ akẹ́kọ̀ọ́,Akẹkọọ ni mi,cache,0,,,
666,2026-10-03T00:43:23.952Z,ey5j2k,P08,no,,prewarm,yo,5,,This is my work,Eyi ni iṣẹ́ mi,Eyi ni iṣẹ́ mi,Iṣẹ mi ni eyi,cache,0,,,
667,2026-10-03T00:43:23.956Z,ey5j2k,P08,no,,prewarm,yo,7,,Please,Jowo,Jowo,Ẹ jọwọ,cache,0,,,
668,2026-10-03T00:43:23.960Z,ey5j2k,P08,no,,prewarm,yo,8,,How are you,Bawo ni o se wa?,Bawo ni o se wa?,Bawo ni?,cache,0,,,
669,2026-10-03T00:43:23.964Z,ey5j2k,P08,no,,prewarm,yo,9,,I need help,Mo nilo iranlọwọ,Mo nilo iranlọwọ,Mo nilo iranlọwọ,cache,0,,,
670,2026-10-03T00:43:23.967Z,ey5j2k,P08,no,,prewarm,yo,10,,Stop,Duro,Duro,Duro,cache,0,,,
671,2026-10-03T00:43:27.115Z,ey5j2k,P08,yes,,gesture,yo,2,98,My name is,Orukọ mi ni,Orukọ mi ni,Orukọ mi ni,cache,0,yes,yes,2026-10-03T00:43:30.474Z
672,2026-10-03T00:43:36.055Z,ey5j2k,P09,yes,,gesture,yo,4,99,Hameed,Hameed,Hameed,Hameed,passthrough,0,,,
673,2026-10-03T00:43:37.974Z,ey5j2k,P09,yes,,gesture,yo,5,99,This is my work,Eyi ni iṣẹ́ mi,Eyi ni iṣẹ́ mi,Iṣẹ mi ni eyi,cache,0,yes,yes,2026-10-03T00:43:42.149Z
674,2026-10-03T00:43:42.798Z,ey5j2k,P09,yes,,sentence,yo,,,My name is Hameed This is my work,,,,fallback,808,,,
675,2026-10-03T00:43:57.595Z,ey5j2k,P09,yes,,gesture,yo,8,94,How are you,Bawo ni o se wa?,Bawo ni o se wa?,Bawo ni?,cache,0,yes,yes,2026-10-03T00:44:01.176Z
676,2026-10-03T00:44:05.162Z,ey5j2k,P09,no,,prewarm,ha,1,,Good Morning,Barka da safiya,Barka da safiya,Ina kwana,cache,0,,,
677,2026-10-03T00:44:05.167Z,ey5j2k,P09,no,,prewarm,ha,2,,My name is,Sunana,Sunana,Sunana,cache,0,,,
678,2026-10-03T00:44:05.171Z,ey5j2k,P09,no,,prewarm,ha,3,,I am a student,Ni dalibi ne,Ni dalibi ne,Ni ɗalibi ne,cache,0,,,
679,2026-10-03T00:44:05.175Z,ey5j2k,P09,no,,prewarm,ha,5,,This is my work,Wannan shine aikina,Wannan shine aikina,Wannan shine aiki na,cache,0,,,
680,2026-10-03T00:44:05.178Z,ey5j2k,P09,no,,prewarm,ha,7,,Please,Don Allah,Don Allah,Don Allah,cache,0,,,
681,2026-10-03T00:44:05.181Z,ey5j2k,P09,no,,prewarm,ha,8,,How are you,Yaya kake?,Yaya kake?,Yaya kake?,cache,0,,,
682,2026-10-03T00:44:05.185Z,ey5j2k,P09,no,,prewarm,ha,9,,I need help,Ina bukatar taimako,Ina bukatar taimako,Ina buƙatar taimako,cache,0,,,
683,2026-10-03T00:44:05.189Z,ey5j2k,P09,no,,prewarm,ha,10,,Stop,Kare,Kare,Tsaya,cache,0,,,
684,2026-10-03T00:44:07.796Z,ey5j2k,P09,yes,,gesture,ha,8,89,How are you,Yaya kake?,Yaya kake?,Yaya kake?,cache,0,,,
685,2026-10-03T00:44:09.774Z,ey5j2k,P09,yes,,gesture,ha,8,80,How are you,Yaya kake?,Yaya kake?,Yaya kake?,cache,0,yes,yes,2026-10-03T00:44:12.464Z
686,2026-10-03T00:44:14.036Z,ey5j2k,P09,yes,,sentence,ha,,,How are you How are you How are you,,,,fallback,238,,,
687,2026-10-03T00:44:14.516Z,ey5j2k,P09,yes,,gesture,ha,1,99,Good Morning,Barka da safiya,Barka da safiya,Ina kwana,cache,0,yes,no,2026-10-03T00:44:17.639Z
688,2026-10-03T00:44:35.555Z,ey5j2k,P09,no,,prewarm,ig,1,,Good Morning,Ụtụtụ ọma,Ụtụtụ ọma,Ụtụtụ ọma,cache,0,,,
689,2026-10-03T00:44:35.560Z,ey5j2k,P09,no,,prewarm,ig,2,,My name is,Aha m bụ,Aha m bụ,Aha m bụ,cache,0,,,
690,2026-10-03T00:44:35.564Z,ey5j2k,P09,no,,prewarm,ig,3,,I am a student,Abụ m akwụkwọ,Abụ m akwụkwọ,Abụ m nwa akwụkwọ,cache,0,,,
691,2026-10-03T00:44:35.568Z,ey5j2k,P09,no,,prewarm,ig,5,,This is my work,Nke a bụ ọrụ m,Nke a bụ ọrụ m,Nke a bụ ọrụ m,cache,0,,,
692,2026-10-03T00:44:35.571Z,ey5j2k,P09,no,,prewarm,ig,7,,Please,Biko,Biko,Biko,cache,0,,,
693,2026-10-03T00:44:35.575Z,ey5j2k,P09,no,,prewarm,ig,8,,How are you,Gịnị ka ị na-adị?,Gịnị ka ị na-adị?,Kedu ka ị mere?,cache,0,,,
694,2026-10-03T00:44:35.579Z,ey5j2k,P09,no,,prewarm,ig,9,,I need help,M na-achọ enyemaka,M na-achọ enyemaka,Achọrọ m enyemaka,cache,0,,,
695,2026-10-03T00:44:35.583Z,ey5j2k,P09,no,,prewarm,ig,10,,Stop,Kwụsị,Kwụsị,Kwụsị,cache,0,,,
696,2026-10-03T00:44:38.816Z,ey5j2k,P09,yes,,gesture,ig,6,65,FUTminna,FUTminna,FUTminna,FUTminna,passthrough,0,yes,no,2026-10-03T00:44:43.916Z
697,2026-10-03T00:44:44.398Z,ey5j2k,P09,yes,,sentence,ig,,,Good Morning FUTminna,,,,fallback,1566,,,
698,2026-10-03T00:44:45.896Z,ey5j2k,P09,yes,,gesture,ig,8,99,How are you,Gịnị ka ị na-adị?,Gịnị ka ị na-adị?,Kedu ka ị mere?,cache,0,yes,no,2026-10-03T00:44:49.392Z
699,2026-10-03T00:44:51.836Z,ey5j2k,P09,yes,,gesture,ig,1,96,Good Morning,Ụtụtụ ọma,Ụtụtụ ọma,Ụtụtụ ọma,cache,0,yes,yes,2026-10-03T00:44:58.728Z
700,2026-10-03T00:44:56.475Z,ey5j2k,P09,yes,,sentence,ig,,,How are you Good Morning,,,,fallback,620,,,
701,2026-10-03T00:45:11.817Z,ey5j2k,P09,yes,,gesture,ig,1,99,Good Morning,Ụtụtụ ọma,Ụtụtụ ọma,Ụtụtụ ọma,cache,0,,,
702,2026-10-03T00:45:22.437Z,ey5j2k,P09,yes,,gesture,ig,2,81,My name is,Aha m bụ,Aha m bụ,Aha m bụ,cache,0,,,
703,2026-10-03T00:45:24.415Z,ey5j2k,P09,yes,,gesture,ig,6,99,FUTminna,FUTminna,FUTminna,FUTminna,passthrough,0,yes,,
704,2026-10-03T00:45:28.197Z,ey5j2k,P09,yes,,gesture,ig,1,97,Good Morning,Ụtụtụ ọma,Ụtụtụ ọma,Ụtụtụ ọma,cache,0,,,
705,2026-10-03T00:45:30.536Z,ey5j2k,P09,yes,,gesture,ig,6,99,FUTminna,FUTminna,FUTminna,FUTminna,passthrough,0,,,
706,2026-10-03T00:45:35.179Z,ey5j2k,P09,yes,,sentence,ig,,,Good Morning My name is FUTminna Good Morning FUTminna,,,,fallback,626,,,
707,2026-10-03T00:45:37.256Z,ey5j2k,P09,yes,,gesture,ig,6,99,FUTminna,FUTminna,FUTminna,FUTminna,passthrough,0,,,
708,2026-10-03T00:45:52.257Z,ey5j2k,P09,yes,,gesture,ig,2,99,My name is,Aha m bụ,Aha m bụ,Aha m bụ,cache,0,yes,yes,2026-10-03T00:45:57.785Z
709,2026-10-03T00:45:56.686Z,ey5j2k,P09,yes,,sentence,ig,,,FUTminna My name is,,,,fallback,418,,,
710,2026-10-03T00:46:04.497Z,ey5j2k,P09,yes,,gesture,ig,10,60,Stop,Kwụsị,Kwụsị,Kwụsị,cache,0,,,
711,2026-10-03T00:46:07.557Z,ey5j2k,P09,yes,,gesture,ig,3,99,I am a student,Abụ m akwụkwọ,Abụ m akwụkwọ,Abụ m nwa akwụkwọ,cache,0,yes,yes,2026-10-03T00:46:13.097Z
712,2026-10-03T00:46:12.180Z,ey5j2k,P09,yes,,sentence,ig,,,Stop I am a student,,,,fallback,601,,,
713,2026-10-03T00:46:15.238Z,ey5j2k,P09,yes,,gesture,ig,3,99,I am a student,Abụ m akwụkwọ,Abụ m akwụkwọ,Abụ m nwa akwụkwọ,cache,0,yes,no,2026-10-03T00:46:24.791Z
714,2026-10-03T00:46:32.698Z,ey5j2k,P09,yes,,gesture,ig,3,99,I am a student,Abụ m akwụkwọ,Abụ m akwụkwọ,Abụ m nwa akwụkwọ,cache,0,,,
715,2026-10-03T00:46:37.480Z,ey5j2k,P09,yes,,sentence,ig,,,I am a student I am a student,,,,fallback,768,,,
716,2026-10-03T00:46:41.719Z,ey5j2k,P09,no,,prewarm,yo,1,,Good Morning,Bawo ni,Bawo ni,Ẹ kú àárọ̀,cache,0,,,
717,2026-10-03T00:46:41.724Z,ey5j2k,P09,no,,prewarm,yo,2,,My name is,Orukọ mi ni,Orukọ mi ni,Orukọ mi ni,cache,0,,,
718,2026-10-03T00:46:41.728Z,ey5j2k,P09,no,,prewarm,yo,3,,I am a student,Mo jẹ akẹ́kọ̀ọ́,Mo jẹ akẹ́kọ̀ọ́,Akẹkọọ ni mi,cache,0,,,
719,2026-10-03T00:46:41.732Z,ey5j2k,P09,no,,prewarm,yo,5,,This is my work,Eyi ni iṣẹ́ mi,Eyi ni iṣẹ́ mi,Iṣẹ mi ni eyi,cache,0,,,
720,2026-10-03T00:46:41.736Z,ey5j2k,P09,no,,prewarm,yo,7,,Please,Jowo,Jowo,Ẹ jọwọ,cache,0,,,
721,2026-10-03T00:46:41.740Z,ey5j2k,P09,no,,prewarm,yo,8,,How are you,Bawo ni o se wa?,Bawo ni o se wa?,Bawo ni?,cache,0,,,
722,2026-10-03T00:46:41.745Z,ey5j2k,P09,no,,prewarm,yo,9,,I need help,Mo nilo iranlọwọ,Mo nilo iranlọwọ,Mo nilo iranlọwọ,cache,0,,,
723,2026-10-03T00:46:41.749Z,ey5j2k,P09,no,,prewarm,yo,10,,Stop,Duro,Duro,Duro,cache,0,,,
724,2026-10-03T00:46:58.318Z,ey5j2k,P09,yes,,gesture,yo,5,99,This is my work,Eyi ni iṣẹ́ mi,Eyi ni iṣẹ́ mi,Iṣẹ mi ni eyi,cache,0,yes,yes,2026-10-03T00:47:02.543Z
725,2026-10-03T00:47:04.198Z,ey5j2k,P09,yes,,gesture,yo,3,99,I am a student,Mo jẹ akẹ́kọ̀ọ́,Mo jẹ akẹ́kọ̀ọ́,Akẹkọọ ni mi,cache,0,,yes,
726,2026-10-03T00:47:06.358Z,ey5j2k,P09,yes,,gesture,yo,3,99,I am a student,Mo jẹ akẹ́kọ̀ọ́,Mo jẹ akẹ́kọ̀ọ́,Akẹkọọ ni mi,cache,0,yes,yes,2026-10-03T00:47:08.873Z
727,2026-10-03T00:47:10.622Z,ey5j2k,P09,yes,,sentence,yo,,,This is my work I am a student I am a student,,,,fallback,250,,,
728,2026-10-03T00:47:14.218Z,ey5j2k,P09,yes,,gesture,yo,9,99,I need help,Mo nilo iranlọwọ,Mo nilo iranlọwọ,Mo nilo iranlọwọ,cache,0,yes,yes,2026-10-03T00:47:18.120Z
729,2026-10-03T00:47:21.724Z,ey5j2k,P09,no,,prewarm,ha,1,,Good Morning,Barka da safiya,Barka da safiya,Ina kwana,cache,0,,,
730,2026-10-03T00:47:21.729Z,ey5j2k,P09,no,,prewarm,ha,2,,My name is,Sunana,Sunana,Sunana,cache,0,,,
731,2026-10-03T00:47:21.733Z,ey5j2k,P09,no,,prewarm,ha,3,,I am a student,Ni dalibi ne,Ni dalibi ne,Ni ɗalibi ne,cache,0,,,
732,2026-10-03T00:47:21.738Z,ey5j2k,P09,no,,prewarm,ha,5,,This is my work,Wannan shine aikina,Wannan shine aikina,Wannan shine aiki na,cache,0,,,
733,2026-10-03T00:47:21.741Z,ey5j2k,P09,no,,prewarm,ha,7,,Please,Don Allah,Don Allah,Don Allah,cache,0,,,
734,2026-10-03T00:47:21.745Z,ey5j2k,P09,no,,prewarm,ha,8,,How are you,Yaya kake?,Yaya kake?,Yaya kake?,cache,0,,,
735,2026-10-03T00:47:21.749Z,ey5j2k,P09,no,,prewarm,ha,9,,I need help,Ina bukatar taimako,Ina bukatar taimako,Ina buƙatar taimako,cache,0,,,
736,2026-10-03T00:47:21.754Z,ey5j2k,P09,no,,prewarm,ha,10,,Stop,Kare,Kare,Tsaya,cache,0,,,
737,2026-10-03T00:47:39.119Z,ey5j2k,P010,yes,,gesture,ha,2,99,My name is,Sunana,Sunana,Sunana,cache,0,yes,yes,2026-10-03T00:47:45.735Z
738,2026-10-03T00:47:43.779Z,ey5j2k,P010,yes,,sentence,ha,,,I need help My name is,,,,fallback,644,,,
739,2026-10-03T00:47:48.838Z,ey5j2k,P010,yes,,gesture,ha,3,99,I am a student,Ni dalibi ne,Ni dalibi ne,Ni ɗalibi ne,cache,0,yes,yes,2026-10-03T00:47:52.357Z
740,2026-10-03T00:48:08.459Z,ey5j2k,P010,yes,,gesture,ha,2,99,My name is,Sunana,Sunana,Sunana,cache,0,,,
741,2026-10-03T00:48:11.459Z,ey5j2k,P010,yes,,gesture,ha,5,60,This is my work,Wannan shine aikina,Wannan shine aikina,Wannan shine aiki na,cache,0,,,
742,2026-10-03T00:48:13.438Z,ey5j2k,P010,yes,,gesture,ha,4,82,Hameed,Hameed,Hameed,Hameed,passthrough,0,,,
743,2026-10-03T00:48:15.418Z,ey5j2k,P010,yes,,gesture,ha,1,99,Good Morning,Barka da safiya,Barka da safiya,Ina kwana,cache,0,yes,no,2026-10-03T00:48:18.754Z
744,2026-10-03T00:48:19.703Z,ey5j2k,P010,yes,,sentence,ha,,,I am a student My name is This is my work Hameed Good Morning,,,,fallback,270,,,
745,2026-10-03T00:48:20.939Z,ey5j2k,P010,yes,,gesture,ha,4,99,Hameed,Hameed,Hameed,Hameed,passthrough,0,yes,no,2026-10-03T00:48:24.710Z
746,2026-10-03T00:48:30.779Z,ey5j2k,P010,yes,,gesture,ha,1,99,Good Morning,Barka da safiya,Barka da safiya,Ina kwana,cache,0,no,yes,2026-10-03T00:48:37.272Z
747,2026-10-03T00:48:36.279Z,ey5j2k,P010,yes,,sentence,ha,,,Hameed Good Morning,,,,fallback,1483,,,
748,2026-10-03T00:48:39.120Z,ey5j2k,P010,yes,,gesture,ha,4,68,Hameed,Hameed,Hameed,Hameed,passthrough,0,,,
749,2026-10-03T00:48:44.279Z,ey5j2k,P010,yes,,gesture,ha,4,99,Hameed,Hameed,Hameed,Hameed,passthrough,0,,,
750,2026-10-03T00:48:48.179Z,ey5j2k,P010,yes,,gesture,ha,5,99,This is my work,Wannan shine aikina,Wannan shine aikina,Wannan shine aiki na,cache,0,,,
751,2026-10-03T00:48:50.540Z,ey5j2k,P010,no,,prewarm,yo,1,,Good Morning,Bawo ni,Bawo ni,Ẹ kú àárọ̀,cache,0,,,
752,2026-10-03T00:48:50.546Z,ey5j2k,P010,no,,prewarm,yo,2,,My name is,Orukọ mi ni,Orukọ mi ni,Orukọ mi ni,cache,0,,,
753,2026-10-03T00:48:50.550Z,ey5j2k,P010,no,,prewarm,yo,3,,I am a student,Mo jẹ akẹ́kọ̀ọ́,Mo jẹ akẹ́kọ̀ọ́,Akẹkọọ ni mi,cache,0,,,
754,2026-10-03T00:48:50.554Z,ey5j2k,P010,no,,prewarm,yo,5,,This is my work,Eyi ni iṣẹ́ mi,Eyi ni iṣẹ́ mi,Iṣẹ mi ni eyi,cache,0,,,
755,2026-10-03T00:48:50.558Z,ey5j2k,P010,no,,prewarm,yo,7,,Please,Jowo,Jowo,Ẹ jọwọ,cache,0,,,
756,2026-10-03T00:48:50.561Z,ey5j2k,P010,no,,prewarm,yo,8,,How are you,Bawo ni o se wa?,Bawo ni o se wa?,Bawo ni?,cache,0,,,
757,2026-10-03T00:48:50.565Z,ey5j2k,P010,no,,prewarm,yo,9,,I need help,Mo nilo iranlọwọ,Mo nilo iranlọwọ,Mo nilo iranlọwọ,cache,0,,,
758,2026-10-03T00:48:50.569Z,ey5j2k,P010,no,,prewarm,yo,10,,Stop,Duro,Duro,Duro,cache,0,,,
759,2026-10-03T00:48:53.077Z,ey5j2k,P010,yes,,sentence,yo,,,Hameed Hameed This is my work,,,,fallback,873,,,
760,2026-10-03T00:48:53.160Z,ey5j2k,P010,yes,,gesture,yo,5,89,This is my work,Eyi ni iṣẹ́ mi,Eyi ni iṣẹ́ mi,Iṣẹ mi ni eyi,cache,0,,,
761,2026-10-03T00:48:55.138Z,ey5j2k,P010,yes,,gesture,yo,5,82,This is my work,Eyi ni iṣẹ́ mi,Eyi ni iṣẹ́ mi,Iṣẹ mi ni eyi,cache,0,yes,yes,2026-10-03T00:48:58.402Z
762,2026-10-03T00:48:59.592Z,ey5j2k,P010,yes,,sentence,yo,,,This is my work This is my work,,,,fallback,435,,,
763,2026-10-03T00:49:02.580Z,ey5j2k,P010,yes,,gesture,yo,6,94,FUTminna,FUTminna,FUTminna,FUTminna,passthrough,0,,,
764,2026-10-03T00:49:09.960Z,ey5j2k,P010,yes,,gesture,yo,8,99,How are you,Bawo ni o se wa?,Bawo ni o se wa?,Bawo ni?,cache,0,yes,yes,2026-10-03T00:49:15.820Z
765,2026-10-03T00:49:16.564Z,ey5j2k,P010,yes,,sentence,yo,,,FUTminna How are you,,,,fallback,2589,,,
766,2026-10-03T00:49:18.300Z,ey5j2k,P010,yes,,gesture,yo,5,99,This is my work,Eyi ni iṣẹ́ mi,Eyi ni iṣẹ́ mi,Iṣẹ mi ni eyi,cache,0,,,
767,2026-10-03T00:49:21.365Z,ey5j2k,P010,no,,prewarm,ha,1,,Good Morning,Barka da safiya,Barka da safiya,Ina kwana,cache,0,,,
768,2026-10-03T00:49:21.370Z,ey5j2k,P010,no,,prewarm,ha,2,,My name is,Sunana,Sunana,Sunana,cache,0,,,
769,2026-10-03T00:49:21.374Z,ey5j2k,P010,no,,prewarm,ha,3,,I am a student,Ni dalibi ne,Ni dalibi ne,Ni ɗalibi ne,cache,0,,,
770,2026-10-03T00:49:21.378Z,ey5j2k,P010,no,,prewarm,ha,5,,This is my work,Wannan shine aikina,Wannan shine aikina,Wannan shine aiki na,cache,0,,,
771,2026-10-03T00:49:21.383Z,ey5j2k,P010,no,,prewarm,ha,7,,Please,Don Allah,Don Allah,Don Allah,cache,0,,,
772,2026-10-03T00:49:21.387Z,ey5j2k,P010,no,,prewarm,ha,8,,How are you,Yaya kake?,Yaya kake?,Yaya kake?,cache,0,,,
773,2026-10-03T00:49:21.391Z,ey5j2k,P010,no,,prewarm,ha,9,,I need help,Ina bukatar taimako,Ina bukatar taimako,Ina buƙatar taimako,cache,0,,,
774,2026-10-03T00:49:21.395Z,ey5j2k,P010,no,,prewarm,ha,10,,Stop,Kare,Kare,Tsaya,cache,0,,,
775,2026-10-03T00:49:26.940Z,ey5j2k,P010,yes,,gesture,ha,8,99,How are you,Yaya kake?,Yaya kake?,Yaya kake?,cache,0,,,
776,2026-10-03T00:49:32.801Z,ey5j2k,P010,yes,,sentence,ha,,,This is my work How are you,,,,fallback,1843,,,
777,2026-10-03T00:49:33.600Z,ey5j2k,P010,yes,,gesture,ha,5,60,This is my work,Wannan shine aikina,Wannan shine aikina,Wannan shine aiki na,cache,0,yes,yes,2026-10-03T00:49:40.051Z
778,2026-10-03T00:49:41.820Z,ey5j2k,P010,yes,,gesture,ha,6,99,FUTminna,FUTminna,FUTminna,FUTminna,passthrough,0,,,
779,2026-10-03T00:49:46.649Z,ey5j2k,P010,yes,,sentence,ha,,,This is my work FUTminna,,,,fallback,812,,,
780,2026-10-03T00:49:47.940Z,ey5j2k,P010,yes,,gesture,ha,8,99,How are you,Yaya kake?,Yaya kake?,Yaya kake?,cache,0,,,
781,2026-10-03T00:49:49.919Z,ey5j2k,P010,yes,,gesture,ha,1,99,Good Morning,Barka da safiya,Barka da safiya,Ina kwana,cache,0,,,
782,2026-10-03T00:49:54.580Z,ey5j2k,P010,yes,,sentence,ha,,,How are you Good Morning,,,,fallback,633,,,
783,2026-10-03T00:49:58.200Z,ey5j2k,P010,yes,,gesture,ha,5,99,This is my work,Wannan shine aikina,Wannan shine aikina,Wannan shine aiki na,cache,0,,,
784,2026-10-03T00:50:04.620Z,ey5j2k,P010,yes,,gesture,ha,7,99,Please,Don Allah,Don Allah,Don Allah,cache,0,yes,yes,2026-10-03T00:50:08.171Z
785,2026-10-03T00:50:08.701Z,ey5j2k,P010,yes,,gesture,ha,8,90,How are you,Yaya kake?,Yaya kake?,Yaya kake?,cache,0,,,
786,2026-10-03T00:50:10.080Z,ey5j2k,P010,yes,,sentence,ha,,,This is my work Please,,,,fallback,1432,,,
787,2026-10-03T00:50:14.384Z,ey5j2k,P010,no,,prewarm,ig,1,,Good Morning,Ụtụtụ ọma,Ụtụtụ ọma,Ụtụtụ ọma,cache,0,,,
788,2026-10-03T00:50:14.390Z,ey5j2k,P010,no,,prewarm,ig,2,,My name is,Aha m bụ,Aha m bụ,Aha m bụ,cache,0,,,
789,2026-10-03T00:50:14.394Z,ey5j2k,P010,no,,prewarm,ig,3,,I am a student,Abụ m akwụkwọ,Abụ m akwụkwọ,Abụ m nwa akwụkwọ,cache,0,,,
790,2026-10-03T00:50:14.398Z,ey5j2k,P010,no,,prewarm,ig,5,,This is my work,Nke a bụ ọrụ m,Nke a bụ ọrụ m,Nke a bụ ọrụ m,cache,0,,,
791,2026-10-03T00:50:14.403Z,ey5j2k,P010,no,,prewarm,ig,7,,Please,Biko,Biko,Biko,cache,0,,,
792,2026-10-03T00:50:14.406Z,ey5j2k,P010,no,,prewarm,ig,8,,How are you,Gịnị ka ị na-adị?,Gịnị ka ị na-adị?,Kedu ka ị mere?,cache,0,,,
793,2026-10-03T00:50:14.410Z,ey5j2k,P010,no,,prewarm,ig,9,,I need help,M na-achọ enyemaka,M na-achọ enyemaka,Achọrọ m enyemaka,cache,0,,,
794,2026-10-03T00:50:14.414Z,ey5j2k,P010,no,,prewarm,ig,10,,Stop,Kwụsị,Kwụsị,Kwụsị,cache,0,,,
795,2026-10-03T00:50:16.381Z,ey5j2k,P010,yes,,gesture,ig,5,99,This is my work,Nke a bụ ọrụ m,Nke a bụ ọrụ m,Nke a bụ ọrụ m,cache,0,yes,yes,2026-10-03T00:50:22.668Z
796,2026-10-03T00:50:21.576Z,ey5j2k,P010,yes,,sentence,ig,,,How are you This is my work,,,,fallback,1173,,,
797,2026-10-03T00:50:25.201Z,ey5j2k,P010,yes,,gesture,ig,5,99,This is my work,Nke a bụ ọrụ m,Nke a bụ ọrụ m,Nke a bụ ọrụ m,cache,0,,,
798,2026-10-03T02:00:47.801Z,qjg9dj,P010,no,simulator,gesture,en,1,,Good Morning,Good Morning,Good Morning,Good Morning,passthrough,0,,,
799,2026-10-03T02:00:57.224Z,qjg9dj,P010,no,simulator,gesture,en,2,,My name is,My name is,My name is,My name is,passthrough,0,,,
800,2026-10-03T02:01:06.826Z,qjg9dj,P010,no,simulator,gesture,en,3,,I am a student,I am a student,I am a student,I am a student,passthrough,0,,,
801,2026-10-03T02:01:39.378Z,qjg9dj,P010,no,simulator,gesture,en,5,,This is my work,This is my work,This is my work,This is my work,passthrough,0,,,
802,2026-10-03T02:01:43.433Z,qjg9dj,P010,no,glove,prewarm,yo,1,,Good Morning,,,Ẹ kú àárọ̀,fallback,247,,,
803,2026-10-03T02:01:43.450Z,qjg9dj,P010,no,simulator,sentence,yo,,,I am a student This is my work,,,,fallback,39,,,
804,2026-10-03T02:01:50.950Z,qjg9dj,P010,no,simulator,gesture,yo,1,,Good Morning,,Ẹ kú àárọ̀,Ẹ kú àárọ̀,fallback,53,,,
805,2026-10-03T02:02:03.472Z,qjg9dj,P010,no,simulator,gesture,yo,3,,I am a student,,Akẹkọọ ni mi,Akẹkọọ ni mi,fallback,59,,,
806,2026-10-03T02:02:07.523Z,qjg9dj,P010,no,simulator,sentence,yo,,,Good Morning I am a student,,,,fallback,33,,,
807,2026-10-03T02:02:11.914Z,qjg9dj,P010,no,simulator,gesture,yo,4,,Hameed,Hameed,Hameed,Hameed,passthrough,0,,,
808,2026-10-03T02:02:13.156Z,qjg9dj,P010,no,simulator,gesture,yo,5,,This is my work,,Iṣẹ mi ni eyi,Iṣẹ mi ni eyi,fallback,58,,,
809,2026-10-03T02:02:17.230Z,qjg9dj,P010,no,simulator,sentence,yo,,,Hameed This is my work,,,,fallback,50,,,
810,2026-10-03T02:02:20.616Z,qjg9dj,P010,no,simulator,gesture,yo,7,,Please,,Ẹ jọwọ,Ẹ jọwọ,fallback,50,,,
811,2026-10-03T02:02:22.050Z,qjg9dj,P010,no,simulator,gesture,yo,8,,How are you,,Bawo ni?,Bawo ni?,fallback,34,,,
812,2026-10-03T02:02:25.236Z,qjg9dj,P010,no,simulator,gesture,yo,9,,I need help,,Mo nilo iranlọwọ,Mo nilo iranlọwọ,fallback,43,,,
813,2026-10-03T02:02:29.301Z,qjg9dj,P010,no,simulator,sentence,yo,,,Please How are you I need help,,,,fallback,31,,,
814,2026-10-03T02:25:23.932Z,s3etl7,P010,no,simulator,gesture,en,1,,Good Morning,Good Morning,Good Morning,Good Morning,passthrough,0,,,
815,2026-10-03T02:25:34.898Z,s3etl7,P010,no,glove,prewarm,yo,1,,Good Morning,Ọjọ́ tuntun,Ọjọ́ tuntun,Ẹ kú àárọ̀,natlas,2481,,,
816,2026-10-03T02:25:36.989Z,s3etl7,P010,no,glove,prewarm,yo,2,,My name is,Orukọ mi ni,Orukọ mi ni,Orukọ mi ni,natlas,2084,,,
817,2026-10-03T02:25:39.427Z,s3etl7,P010,no,glove,prewarm,yo,3,,I am a student,Mo jẹ akẹ́kọ̀ọ́,Mo jẹ akẹ́kọ̀ọ́,Akẹkọọ ni mi,natlas,2433,,,
818,2026-10-03T02:25:42.495Z,s3etl7,P010,no,glove,prewarm,yo,5,,This is my work,Eyi ni iṣẹ́ mi,Eyi ni iṣẹ́ mi,Iṣẹ mi ni eyi,natlas,3062,,,
819,2026-10-03T02:25:44.201Z,s3etl7,P010,no,glove,prewarm,yo,7,,Please,Jowo,Jowo,Ẹ jọwọ,natlas,1697,,,
820,2026-10-03T02:25:46.284Z,s3etl7,P010,no,glove,prewarm,yo,8,,How are you,Bawo ni o se wa?,Bawo ni o se wa?,Bawo ni?,natlas,2079,,,
821,2026-10-03T02:25:48.717Z,s3etl7,P010,no,glove,prewarm,yo,9,,I need help,Mo nilo iranlọwọ,Mo nilo iranlọwọ,Mo nilo iranlọwọ,natlas,2426,,,
822,2026-10-03T02:25:50.343Z,s3etl7,P010,no,simulator,gesture,yo,1,,Good Morning,Ọjọ́ tuntun,Ọjọ́ tuntun,Ẹ kú àárọ̀,cache,0,,,
823,2026-10-03T02:25:50.576Z,s3etl7,P010,no,glove,prewarm,yo,10,,Stop,Duro,Duro,Duro,natlas,1854,,,
824,2026-10-03T02:25:56.714Z,s3etl7,P010,no,simulator,sentence,yo,,,Good Morning Good Morning,Ẹ ku àròyé,Ẹ ku àròyé,,natlas,2348,,,
825,2026-10-03T02:26:15.467Z,s3etl7,P010,no,simulator,gesture,yo,2,,My name is,Orukọ mi ni,Orukọ mi ni,Orukọ mi ni,cache,0,,,
826,2026-10-03T02:26:32.725Z,s3etl7,P010,no,simulator,gesture,yo,1,,Good Morning,Ọjọ́ tuntun,Ọjọ́ tuntun,Ẹ kú àárọ̀,cache,0,yes,yes,2026-10-03T02:26:43.028Z
827,2026-10-03T02:26:39.409Z,s3etl7,P010,no,simulator,sentence,yo,,,My name is Good Morning,Ẹ kú àárọ̀,Ẹ kú àárọ̀,,natlas,2659,,,
828,2026-10-03T02:27:06.574Z,s3etl7,P010,no,simulator,gesture,yo,1,,Good Morning,Ọjọ́ tuntun,Ọjọ́ tuntun,Ẹ kú àárọ̀,cache,0,,,
829,2026-10-03T02:28:56.950Z,s3etl7,P010,no,simulator,gesture,yo,2,,My name is,Orukọ mi ni,Orukọ mi ni,Orukọ mi ni,cache,0,,,
830,2026-10-03T02:29:03.853Z,s3etl7,P010,no,simulator,sentence,yo,,,Good Morning My name is,Ẹ kú àárọ̀; Orukọ mi ni,Ẹ kú àárọ̀; Orukọ mi ni,,natlas,2888,,,
831,2026-10-03T02:30:23.336Z,s3etl7,P010,yes,glove,gesture,yo,5,99,This is my work,Eyi ni iṣẹ́ mi,Eyi ni iṣẹ́ mi,Iṣẹ mi ni eyi,cache,0,,,
832,2026-10-03T02:30:25.249Z,s3etl7,P010,yes,glove,gesture,yo,5,99,This is my work,Eyi ni iṣẹ́ mi,Eyi ni iṣẹ́ mi,Iṣẹ mi ni eyi,cache,0,,,
833,2026-10-03T02:30:28.610Z,s3etl7,P010,yes,glove,gesture,yo,6,99,FUTminna,FUTminna,FUTminna,FUTminna,passthrough,0,,,
834,2026-10-03T02:30:36.286Z,s3etl7,P010,yes,glove,sentence,yo,,,This is my work This is my work FUTminna,Eyi ni iṣẹ́ mi Eyi ni iṣẹ́ mi FUTminna,Eyi ni iṣẹ́ mi Eyi ni iṣẹ́ mi FUTminna,,natlas,3655,,,
835,2026-10-03T02:30:42.531Z,s3etl7,P010,yes,glove,gesture,yo,5,89,This is my work,Eyi ni iṣẹ́ mi,Eyi ni iṣẹ́ mi,Iṣẹ mi ni eyi,cache,0,,,
836,2026-10-03T02:30:44.931Z,s3etl7,P010,yes,glove,gesture,yo,5,60,This is my work,Eyi ni iṣẹ́ mi,Eyi ni iṣẹ́ mi,Iṣẹ mi ni eyi,cache,0,,,
837,2026-10-03T02:30:50.830Z,s3etl7,P010,yes,glove,sentence,yo,,,This is my work This is my work,Eyi ni iṣẹ́ mi,Eyi ni iṣẹ́ mi,,natlas,1883,,,
838,2026-10-03T02:31:21.712Z,s3etl7,P010,yes,glove,gesture,yo,5,99,This is my work,Eyi ni iṣẹ́ mi,Eyi ni iṣẹ́ mi,Iṣẹ mi ni eyi,cache,0,,,
839,2026-10-03T02:31:35.752Z,s3etl7,P010,yes,glove,gesture,yo,2,70,My name is,Orukọ mi ni,Orukọ mi ni,Orukọ mi ni,cache,0,,,
840,2026-10-03T02:31:38.872Z,s3etl7,P010,yes,glove,gesture,yo,2,99,My name is,Orukọ mi ni,Orukọ mi ni,Orukọ mi ni,cache,0,,,
841,2026-10-03T02:31:40.851Z,s3etl7,P010,yes,glove,gesture,yo,6,66,FUTminna,FUTminna,FUTminna,FUTminna,passthrough,0,,,
842,2026-10-03T02:31:47.531Z,s3etl7,P010,yes,glove,sentence,yo,,,This is my work My name is My name is FUTminna,Eyi ni ise mi Orukọ mi ni Orukọ mi ni FUTminna,Eyi ni ise mi Orukọ mi ni Orukọ mi ni FUTminna,,natlas,2658,,,
843,2026-10-03T02:31:57.412Z,s3etl7,P010,yes,glove,gesture,yo,1,74,Good Morning,Ọjọ́ tuntun,Ọjọ́ tuntun,Ẹ kú àárọ̀,cache,0,,,
844,2026-10-03T02:31:59.391Z,s3etl7,P010,yes,glove,gesture,yo,4,69,Hameed,Hameed,Hameed,Hameed,passthrough,0,,,
845,2026-10-03T02:32:01.852Z,s3etl7,P010,yes,glove,gesture,yo,2,99,My name is,Orukọ mi ni,Orukọ mi ni,Orukọ mi ni,cache,0,,,
846,2026-10-03T02:32:03.831Z,s3etl7,P010,yes,glove,gesture,yo,1,74,Good Morning,Ọjọ́ tuntun,Ọjọ́ tuntun,Ẹ kú àárọ̀,cache,0,yes,no,2026-10-03T02:32:10.826Z
847,2026-10-03T02:32:10.399Z,s3etl7,P010,yes,glove,sentence,yo,,,Good Morning Hameed My name is Good Morning,Ẹ ku àárọ̀ Hamid Orukọ mi ni Ẹ ku àárọ̀,Ẹ ku àárọ̀ Hamid Orukọ mi ni Ẹ ku àárọ̀,,natlas,2556,,,
848,2026-10-03T02:32:37.101Z,s3etl7,P010,no,glove,prewarm,ig,1,,Good Morning,Ụtụtụ ọma,Ụtụtụ ọma,Ụtụtụ ọma,natlas,1842,,,
849,2026-10-03T02:32:38.513Z,s3etl7,P010,no,glove,prewarm,ig,2,,My name is,Aha m bụ,Aha m bụ,Aha m bụ,natlas,1406,,,
850,2026-10-03T02:32:40.142Z,s3etl7,P010,no,glove,prewarm,ig,3,,I am a student,Abụ m akwụkwọ,Abụ m akwụkwọ,Abụ m nwa akwụkwọ,natlas,1625,,,
851,2026-10-03T02:32:41.855Z,s3etl7,P010,no,glove,prewarm,ig,5,,This is my work,Nke a bụ ọrụ m,Nke a bụ ọrụ m,Nke a bụ ọrụ m,natlas,1710,,,
852,2026-10-03T02:32:43.772Z,s3etl7,P010,yes,glove,gesture,ig,9,99,I need help,M na-achọ enyemaka,M na-achọ enyemaka,Achọrọ m enyemaka,natlas,2198,,,
853,2026-10-03T02:32:44.323Z,s3etl7,P010,no,glove,prewarm,ig,7,,Please,Biko,Biko,Biko,natlas,2464,,,
854,2026-10-03T02:32:45.233Z,s3etl7,P010,yes,glove,gesture,ig,1,92,Good Morning,Ụtụtụ ọma,Ụtụtụ ọma,Ụtụtụ ọma,cache,0,yes,yes,2026-10-03T02:32:54.613Z
855,2026-10-03T02:32:46.223Z,s3etl7,P010,no,glove,prewarm,ig,8,,How are you,Gịnị ka ị na-adị?,Gịnị ka ị na-adị?,Kedu ka ị mere?,natlas,1894,,,
856,2026-10-03T02:32:46.227Z,s3etl7,P010,no,glove,prewarm,ig,9,,I need help,M na-achọ enyemaka,M na-achọ enyemaka,Achọrọ m enyemaka,cache,0,,,
857,2026-10-03T02:32:48.504Z,s3etl7,P010,no,glove,prewarm,ig,10,,Stop,Kwụsị,Kwụsị,Kwụsị,natlas,2268,,,
858,2026-10-03T02:32:51.697Z,s3etl7,P010,yes,glove,sentence,ig,,,I need help Good Morning,Chọrọ m enyemaka. Ụtụtụ ọma,Chọrọ m enyemaka. Ụtụtụ ọma,,natlas,2451,,,
859,2026-10-03T02:33:08.275Z,s3etl7,P010,yes,glove,gesture,ig,9,99,I need help,M na-achọ enyemaka,M na-achọ enyemaka,Achọrọ m enyemaka,cache,0,,,
860,2026-10-03T02:33:10.253Z,s3etl7,P010,yes,glove,gesture,ig,9,99,I need help,M na-achọ enyemaka,M na-achọ enyemaka,Achọrọ m enyemaka,cache,0,,,
861,2026-10-03T02:33:16.829Z,s3etl7,P010,yes,glove,sentence,ig,,,I need help I need help,M ga-achọ enyemaka M choro enyemaka,M ga-achọ enyemaka M choro enyemaka,,natlas,2557,,,
862,2026-10-03T02:33:31.862Z,s3etl7,P010,no,glove,prewarm,ha,1,,Good Morning,Barka da safiya,Barka da safiya,Ina kwana,natlas,1526,,,
863,2026-10-03T02:33:33.096Z,s3etl7,P010,no,glove,prewarm,ha,2,,My name is,Sunana,Sunana,Sunana,natlas,1228,,,
864,2026-10-03T02:33:34.491Z,s3etl7,P010,no,glove,prewarm,ha,3,,I am a student,Ni dalibi ne,Ni dalibi ne,Ni ɗalibi ne,natlas,1392,,,
865,2026-10-03T02:33:35.893Z,s3etl7,P010,yes,glove,gesture,ha,5,89,This is my work,Wannan shine aikina,Wannan shine aikina,Wannan shine aiki na,natlas,1578,,,
866,2026-10-03T02:33:36.755Z,s3etl7,P010,no,glove,prewarm,ha,5,,This is my work,Wannan shine aikina,Wannan shine aikina,Wannan shine aiki na,natlas,2261,,,
867,2026-10-03T02:33:38.160Z,s3etl7,P010,no,glove,prewarm,ha,7,,Please,Don Allah,Don Allah,Don Allah,natlas,1402,,,
868,2026-10-03T02:33:38.335Z,s3etl7,P010,yes,glove,gesture,ha,5,67,This is my work,Wannan shine aikina,Wannan shine aikina,Wannan shine aiki na,cache,0,,,
869,2026-10-03T02:33:39.612Z,s3etl7,P010,no,glove,prewarm,ha,8,,How are you,Yaya kake?,Yaya kake?,Yaya kake?,natlas,1448,,,
870,2026-10-03T02:33:41.240Z,s3etl7,P010,no,glove,prewarm,ha,9,,I need help,Ina bukatar taimako,Ina bukatar taimako,Ina buƙatar taimako,natlas,1623,,,
871,2026-10-03T02:33:42.547Z,s3etl7,P010,no,glove,prewarm,ha,10,,Stop,Kare,Kare,Tsaya,natlas,1303,,,
872,2026-10-03T02:33:44.414Z,s3etl7,P010,yes,glove,sentence,ha,,,This is my work This is my work,Wannan shine aikina Wannan shine aikina,Wannan shine aikina Wannan shine aikina,,natlas,2064,,,
873,2026-10-03T02:33:50.815Z,s3etl7,P010,yes,glove,gesture,ha,2,99,My name is,Sunana,Sunana,Sunana,cache,0,,,
874,2026-10-03T02:34:05.756Z,s3etl7,P010,yes,glove,gesture,ha,5,99,This is my work,Wannan shine aikina,Wannan shine aikina,Wannan shine aiki na,cache,0,,,
875,2026-10-03T02:34:11.539Z,s3etl7,P010,yes,glove,sentence,ha,,,My name is This is my work,Sunana Wannan shine aikina,Sunana Wannan shine aikina,,natlas,1760,,,
876,2026-10-03T02:34:18.415Z,s3etl7,P010,yes,glove,gesture,ha,7,99,Please,Don Allah,Don Allah,Don Allah,cache,0,,,
877,2026-10-03T02:34:23.335Z,s3etl7,P010,yes,glove,gesture,ha,1,73,Good Morning,Barka da safiya,Barka da safiya,Ina kwana,cache,0,yes,no,2026-10-03T02:34:34.438Z
878,2026-10-03T02:34:28.872Z,s3etl7,P010,yes,glove,sentence,ha,,,Please Good Morning,Don Allah ina kwana,Don Allah ina kwana,,natlas,1516,,,
879,2026-10-03T02:34:47.696Z,s3etl7,P010,yes,glove,gesture,ha,5,99,This is my work,Wannan shine aikina,Wannan shine aikina,Wannan shine aiki na,cache,0,,,
880,2026-10-03T02:34:51.716Z,s3etl7,P010,yes,glove,gesture,ha,3,99,I am a student,Ni dalibi ne,Ni dalibi ne,Ni ɗalibi ne,cache,0,,,
881,2026-10-03T02:34:53.635Z,s3etl7,P010,yes,glove,gesture,ha,3,99,I am a student,Ni dalibi ne,Ni dalibi ne,Ni ɗalibi ne,cache,0,,,
882,2026-10-03T02:35:01.344Z,s3etl7,P010,yes,glove,sentence,ha,,,This is my work I am a student I am a student,Wannan shine aikina ni ɗalibi ne Ni ɗalibi ne,Wannan shine aikina ni ɗalibi ne Ni ɗalibi ne,,natlas,3681,,,
883,2026-10-03T02:35:06.056Z,s3etl7,P010,yes,glove,gesture,ha,1,91,Good Morning,Barka da safiya,Barka da safiya,Ina kwana,cache,0,,,
884,2026-10-03T02:35:19.676Z,s3etl7,P010,yes,glove,gesture,ha,6,90,FUTminna,FUTminna,FUTminna,FUTminna,passthrough,0,,,
885,2026-10-03T02:35:25.420Z,s3etl7,P010,yes,glove,sentence,ha,,,Good Morning FUTminna,Sannu FUTminna,Sannu FUTminna,,natlas,1722,,,
886,2026-10-03T02:35:37.497Z,s3etl7,P010,yes,glove,gesture,ha,1,91,Good Morning,Barka da safiya,Barka da safiya,Ina kwana,cache,0,,,
887,2026-10-03T02:35:56.697Z,s3etl7,P010,yes,glove,gesture,ha,6,99,FUTminna,FUTminna,FUTminna,FUTminna,passthrough,0,,,
888,2026-10-03T02:36:00.716Z,s3etl7,P010,yes,glove,sentence,ha,,,Good Morning FUTminna,Sannu FUTminna,Sannu FUTminna,,cache,0,,,
889,2026-10-03T02:36:02.037Z,s3etl7,P010,yes,glove,gesture,ha,9,99,I need help,Ina bukatar taimako,Ina bukatar taimako,Ina buƙatar taimako,cache,0,,,
890,2026-10-03T02:36:04.317Z,s3etl7,P010,yes,glove,gesture,ha,9,99,I need help,Ina bukatar taimako,Ina bukatar taimako,Ina buƙatar taimako,cache,0,,,
891,2026-10-03T02:36:11.664Z,s3etl7,P010,yes,glove,sentence,ha,,,I need help I need help,Ina bukatar taimako Ina bukatar taimako,Ina bukatar taimako Ina bukatar taimako,,natlas,3321,,,
892,2026-10-03T02:36:16.363Z,s3etl7,P010,no,glove,prewarm,ig,1,,Good Morning,Ụtụtụ ọma,Ụtụtụ ọma,Ụtụtụ ọma,cache,0,,,
893,2026-10-03T02:36:16.370Z,s3etl7,P010,no,glove,prewarm,ig,2,,My name is,Aha m bụ,Aha m bụ,Aha m bụ,cache,0,,,
894,2026-10-03T02:36:16.374Z,s3etl7,P010,no,glove,prewarm,ig,3,,I am a student,Abụ m akwụkwọ,Abụ m akwụkwọ,Abụ m nwa akwụkwọ,cache,0,,,
895,2026-10-03T02:36:16.378Z,s3etl7,P010,no,glove,prewarm,ig,5,,This is my work,Nke a bụ ọrụ m,Nke a bụ ọrụ m,Nke a bụ ọrụ m,cache,0,,,
896,2026-10-03T02:36:16.382Z,s3etl7,P010,no,glove,prewarm,ig,7,,Please,Biko,Biko,Biko,cache,0,,,
897,2026-10-03T02:36:16.386Z,s3etl7,P010,no,glove,prewarm,ig,8,,How are you,Gịnị ka ị na-adị?,Gịnị ka ị na-adị?,Kedu ka ị mere?,cache,0,,,
898,2026-10-03T02:36:16.390Z,s3etl7,P010,no,glove,prewarm,ig,9,,I need help,M na-achọ enyemaka,M na-achọ enyemaka,Achọrọ m enyemaka,cache,0,,,
899,2026-10-03T02:36:16.394Z,s3etl7,P010,no,glove,prewarm,ig,10,,Stop,Kwụsị,Kwụsị,Kwụsị,cache,0,,,
900,2026-10-03T02:36:18.958Z,s3etl7,P010,yes,glove,gesture,ig,9,99,I need help,M na-achọ enyemaka,M na-achọ enyemaka,Achọrọ m enyemaka,cache,0,,,
901,2026-10-03T02:36:24.002Z,s3etl7,P010,no,glove,prewarm,yo,1,,Good Morning,Ọjọ́ tuntun,Ọjọ́ tuntun,Ẹ kú àárọ̀,cache,0,,,
902,2026-10-03T02:36:24.009Z,s3etl7,P010,no,glove,prewarm,yo,2,,My name is,Orukọ mi ni,Orukọ mi ni,Orukọ mi ni,cache,0,,,
903,2026-10-03T02:36:24.013Z,s3etl7,P010,no,glove,prewarm,yo,3,,I am a student,Mo jẹ akẹ́kọ̀ọ́,Mo jẹ akẹ́kọ̀ọ́,Akẹkọọ ni mi,cache,0,,,
904,2026-10-03T02:36:24.017Z,s3etl7,P010,no,glove,prewarm,yo,5,,This is my work,Eyi ni iṣẹ́ mi,Eyi ni iṣẹ́ mi,Iṣẹ mi ni eyi,cache,0,,,
905,2026-10-03T02:36:24.021Z,s3etl7,P010,no,glove,prewarm,yo,7,,Please,Jowo,Jowo,Ẹ jọwọ,cache,0,,,
906,2026-10-03T02:36:24.026Z,s3etl7,P010,no,glove,prewarm,yo,8,,How are you,Bawo ni o se wa?,Bawo ni o se wa?,Bawo ni?,cache,0,,,
907,2026-10-03T02:36:24.030Z,s3etl7,P010,no,glove,prewarm,yo,9,,I need help,Mo nilo iranlọwọ,Mo nilo iranlọwọ,Mo nilo iranlọwọ,cache,0,,,
908,2026-10-03T02:36:24.036Z,s3etl7,P010,no,glove,prewarm,yo,10,,Stop,Duro,Duro,Duro,cache,0,,,
909,2026-10-03T02:36:36.478Z,s3etl7,P010,yes,glove,gesture,yo,2,99,My name is,Orukọ mi ni,Orukọ mi ni,Orukọ mi ni,cache,0,,,
910,2026-10-03T02:36:42.653Z,s3etl7,P010,yes,glove,sentence,yo,,,I need help My name is,Mo nilo iranlọwọ Orukọ mi ni,Mo nilo iranlọwọ Orukọ mi ni,,natlas,2155,,,
911,2026-10-03T02:36:43.558Z,s3etl7,P010,yes,glove,gesture,yo,6,88,FUTminna,FUTminna,FUTminna,FUTminna,passthrough,0,,,
912,2026-10-03T02:36:49.618Z,s3etl7,P010,yes,glove,gesture,yo,2,99,My name is,Orukọ mi ni,Orukọ mi ni,Orukọ mi ni,cache,0,,,
913,2026-10-03T02:36:52.918Z,s3etl7,P010,yes,glove,gesture,yo,9,99,I need help,Mo nilo iranlọwọ,Mo nilo iranlọwọ,Mo nilo iranlọwọ,cache,0,,,
914,2026-10-03T02:36:54.837Z,s3etl7,P010,yes,glove,gesture,yo,9,99,I need help,Mo nilo iranlọwọ,Mo nilo iranlọwọ,Mo nilo iranlọwọ,cache,0,,,
915,2026-10-03T02:37:01.953Z,s3etl7,P010,yes,glove,sentence,yo,,,FUTminna My name is I need help I need help,FUTMINNA Orukọ mi ni Mo nilo iranlọwọ Mo nilo iranlọwọ,FUTMINNA Orukọ mi ni Mo nilo iranlọwọ Mo nilo iranlọwọ,,natlas,3100,,,
916,2026-10-03T02:37:24.059Z,s3etl7,P010,yes,glove,gesture,yo,5,99,This is my work,Eyi ni iṣẹ́ mi,Eyi ni iṣẹ́ mi,Iṣẹ mi ni eyi,cache,0,,,
917,2026-10-03T02:37:45.789Z,s3etl7,P010,no,glove,prewarm,ig,1,,Good Morning,Ụtụtụ ọma,Ụtụtụ ọma,Ụtụtụ ọma,cache,0,,,
918,2026-10-03T02:37:45.796Z,s3etl7,P010,no,glove,prewarm,ig,2,,My name is,Aha m bụ,Aha m bụ,Aha m bụ,cache,0,,,
919,2026-10-03T02:37:45.800Z,s3etl7,P010,no,glove,prewarm,ig,3,,I am a student,Abụ m akwụkwọ,Abụ m akwụkwọ,Abụ m nwa akwụkwọ,cache,0,,,
920,2026-10-03T02:37:45.805Z,s3etl7,P010,no,glove,prewarm,ig,5,,This is my work,Nke a bụ ọrụ m,Nke a bụ ọrụ m,Nke a bụ ọrụ m,cache,0,,,
921,2026-10-03T02:37:45.810Z,s3etl7,P010,no,glove,prewarm,ig,7,,Please,Biko,Biko,Biko,cache,0,,,
922,2026-10-03T02:37:45.815Z,s3etl7,P010,no,glove,prewarm,ig,8,,How are you,Gịnị ka ị na-adị?,Gịnị ka ị na-adị?,Kedu ka ị mere?,cache,0,,,
923,2026-10-03T02:37:45.818Z,s3etl7,P010,no,glove,prewarm,ig,9,,I need help,M na-achọ enyemaka,M na-achọ enyemaka,Achọrọ m enyemaka,cache,0,,,
924,2026-10-03T02:37:45.822Z,s3etl7,P010,no,glove,prewarm,ig,10,,Stop,Kwụsị,Kwụsị,Kwụsị,cache,0,,,
925,2026-10-03T02:37:56.160Z,s3etl7,P010,yes,glove,gesture,ig,9,90,I need help,M na-achọ enyemaka,M na-achọ enyemaka,Achọrọ m enyemaka,cache,0,,,
926,2026-10-03T02:38:02.784Z,s3etl7,P010,yes,glove,sentence,ig,,,This is my work I need help,Nke a bụ ọrụ m chọrọ enyemaka,Nke a bụ ọrụ m chọrọ enyemaka,,natlas,2610,,,
927,2026-10-03T02:38:07.920Z,s3etl7,P010,yes,glove,gesture,ig,3,99,I am a student,Abụ m akwụkwọ,Abụ m akwụkwọ,Abụ m nwa akwụkwọ,cache,0,,,
928,2026-10-03T02:38:09.899Z,s3etl7,P010,yes,glove,gesture,ig,3,99,I am a student,Abụ m akwụkwọ,Abụ m akwụkwọ,Abụ m nwa akwụkwọ,cache,0,,,
929,2026-10-03T02:38:17.205Z,s3etl7,P010,yes,glove,sentence,ig,,,I am a student I am a student,Abụ m nwa akwụkwọ Abụ m nwa akwụkwọ,Abụ m nwa akwụkwọ Abụ m nwa akwụkwọ,,natlas,3279,,,
930,2026-10-03T02:38:30.361Z,s3etl7,P010,yes,glove,gesture,ig,3,99,I am a student,Abụ m akwụkwọ,Abụ m akwụkwọ,Abụ m nwa akwụkwọ,cache,0,,,
931,2026-10-03T02:39:04.981Z,s3etl7,P010,yes,glove,gesture,ig,3,99,I am a student,Abụ m akwụkwọ,Abụ m akwụkwọ,Abụ m nwa akwụkwọ,cache,0,,,
932,2026-10-03T02:39:08.998Z,s3etl7,P010,yes,glove,sentence,ig,,,I am a student I am a student,Abụ m nwa akwụkwọ Abụ m nwa akwụkwọ,Abụ m nwa akwụkwọ Abụ m nwa akwụkwọ,,cache,0,,,
933,2026-10-03T02:39:31.801Z,s3etl7,P010,yes,glove,gesture,ig,2,99,My name is,Aha m bụ,Aha m bụ,Aha m bụ,cache,0,,,
934,2026-10-03T02:39:53.222Z,s3etl7,P010,yes,glove,gesture,ig,7,99,Please,Biko,Biko,Biko,cache,0,,,
935,2026-10-03T02:39:59.075Z,s3etl7,P010,yes,glove,sentence,ig,,,My name is Please,Aha m bụ Biko,Aha m bụ Biko,,natlas,1823,,,
936,2026-10-03T02:40:11.900Z,s3etl7,P010,no,glove,prewarm,yo,1,,Good Morning,Ọjọ́ tuntun,Ọjọ́ tuntun,Ẹ kú àárọ̀,cache,0,,,
937,2026-10-03T02:40:11.907Z,s3etl7,P010,no,glove,prewarm,yo,2,,My name is,Orukọ mi ni,Orukọ mi ni,Orukọ mi ni,cache,0,,,
938,2026-10-03T02:40:11.911Z,s3etl7,P010,no,glove,prewarm,yo,3,,I am a student,Mo jẹ akẹ́kọ̀ọ́,Mo jẹ akẹ́kọ̀ọ́,Akẹkọọ ni mi,cache,0,,,
939,2026-10-03T02:40:11.916Z,s3etl7,P010,no,glove,prewarm,yo,5,,This is my work,Eyi ni iṣẹ́ mi,Eyi ni iṣẹ́ mi,Iṣẹ mi ni eyi,cache,0,,,
940,2026-10-03T02:40:11.921Z,s3etl7,P010,no,glove,prewarm,yo,7,,Please,Jowo,Jowo,Ẹ jọwọ,cache,0,,,
941,2026-10-03T02:40:11.926Z,s3etl7,P010,no,glove,prewarm,yo,8,,How are you,Bawo ni o se wa?,Bawo ni o se wa?,Bawo ni?,cache,0,,,
942,2026-10-03T02:40:11.932Z,s3etl7,P010,no,glove,prewarm,yo,9,,I need help,Mo nilo iranlọwọ,Mo nilo iranlọwọ,Mo nilo iranlọwọ,cache,0,,,
943,2026-10-03T02:40:11.938Z,s3etl7,P010,no,glove,prewarm,yo,10,,Stop,Duro,Duro,Duro,cache,0,,,
944,2026-10-03T02:40:15.843Z,s3etl7,P010,yes,glove,gesture,yo,7,99,Please,Jowo,Jowo,Ẹ jọwọ,cache,0,,,
945,2026-10-03T02:40:21.363Z,s3etl7,P010,yes,glove,gesture,yo,7,99,Please,Jowo,Jowo,Ẹ jọwọ,cache,0,,,
946,2026-10-03T02:40:27.064Z,s3etl7,P010,yes,glove,sentence,yo,,,Please Please,Jọwọ Jọwọ,Jọwọ Jọwọ,,natlas,1680,,,
947,2026-10-03T02:40:38.104Z,s3etl7,P010,yes,glove,gesture,yo,9,99,I need help,Mo nilo iranlọwọ,Mo nilo iranlọwọ,Mo nilo iranlọwọ,cache,0,,,
948,2026-10-03T02:40:55.444Z,s3etl7,P010,yes,glove,gesture,yo,7,77,Please,Jowo,Jowo,Ẹ jọwọ,cache,0,,,
949,2026-10-03T02:41:00.664Z,s3etl7,P010,yes,glove,gesture,yo,7,62,Please,Jowo,Jowo,Ẹ jọwọ,cache,0,,,
950,2026-10-03T02:41:01.756Z,s3etl7,P010,yes,glove,sentence,yo,,,I need help Please,Mo nilo iranlọwọ Jọwọ,Mo nilo iranlọwọ Jọwọ,,natlas,2281,,,
951,2026-10-03T02:41:03.903Z,s3etl7,P010,yes,glove,gesture,yo,3,99,I am a student,Mo jẹ akẹ́kọ̀ọ́,Mo jẹ akẹ́kọ̀ọ́,Akẹkọọ ni mi,cache,0,,,
952,2026-10-03T02:41:09.787Z,s3etl7,P010,yes,glove,sentence,yo,,,Please I am a student,"Jowo, akẹkọọ ni mi","Jowo, akẹkọọ ni mi",,natlas,1869,,,
953,2026-10-03T02:41:19.864Z,s3etl7,P010,yes,glove,gesture,yo,3,99,I am a student,Mo jẹ akẹ́kọ̀ọ́,Mo jẹ akẹ́kọ̀ọ́,Akẹkọọ ni mi,cache,0,,,
954,2026-10-03T02:41:27.364Z,s3etl7,P010,yes,glove,gesture,yo,8,99,How are you,Bawo ni o se wa?,Bawo ni o se wa?,Bawo ni?,cache,0,,,
955,2026-10-03T02:41:29.343Z,s3etl7,P010,yes,glove,gesture,yo,8,99,How are you,Bawo ni o se wa?,Bawo ni o se wa?,Bawo ni?,cache,0,,,
956,2026-10-03T02:41:37.258Z,s3etl7,P010,yes,glove,sentence,yo,,,I am a student How are you How are you,Akẹkọọ ni mi Bawo ni o se wa? Báwo ló ṣe wà?,Akẹkọọ ni mi Bawo ni o se wa? Báwo ló ṣe wà?,,natlas,3892,,,
957,2026-10-03T02:41:43.444Z,s3etl7,P010,yes,glove,gesture,yo,5,69,This is my work,Eyi ni iṣẹ́ mi,Eyi ni iṣẹ́ mi,Iṣẹ mi ni eyi,cache,0,,,
958,2026-10-03T02:41:45.423Z,s3etl7,P010,yes,glove,gesture,yo,8,99,How are you,Bawo ni o se wa?,Bawo ni o se wa?,Bawo ni?,cache,0,,,
959,2026-10-03T02:41:49.031Z,s3etl7,P010,no,glove,prewarm,ha,1,,Good Morning,Barka da safiya,Barka da safiya,Ina kwana,cache,0,,,
960,2026-10-03T02:41:49.037Z,s3etl7,P010,no,glove,prewarm,ha,2,,My name is,Sunana,Sunana,Sunana,cache,0,,,
961,2026-10-03T02:41:49.042Z,s3etl7,P010,no,glove,prewarm,ha,3,,I am a student,Ni dalibi ne,Ni dalibi ne,Ni ɗalibi ne,cache,0,,,
962,2026-10-03T02:41:49.047Z,s3etl7,P010,no,glove,prewarm,ha,5,,This is my work,Wannan shine aikina,Wannan shine aikina,Wannan shine aiki na,cache,0,,,
963,2026-10-03T02:41:49.052Z,s3etl7,P010,no,glove,prewarm,ha,7,,Please,Don Allah,Don Allah,Don Allah,cache,0,,,
964,2026-10-03T02:41:49.056Z,s3etl7,P010,no,glove,prewarm,ha,8,,How are you,Yaya kake?,Yaya kake?,Yaya kake?,cache,0,,,
965,2026-10-03T02:41:49.061Z,s3etl7,P010,no,glove,prewarm,ha,9,,I need help,Ina bukatar taimako,Ina bukatar taimako,Ina buƙatar taimako,cache,0,,,
966,2026-10-03T02:41:49.066Z,s3etl7,P010,no,glove,prewarm,ha,10,,Stop,Kare,Kare,Tsaya,cache,0,,,
967,2026-10-03T02:41:51.184Z,s3etl7,P010,yes,glove,gesture,ha,8,66,How are you,Yaya kake?,Yaya kake?,Yaya kake?,cache,0,,,
968,2026-10-03T02:41:51.405Z,s3etl7,P010,yes,glove,sentence,ha,,,This is my work How are you,Wannan shine aikina Yaya kake?,Wannan shine aikina Yaya kake?,,natlas,1957,,,
969,2026-10-03T02:41:53.163Z,s3etl7,P010,yes,glove,gesture,ha,10,62,Stop,Kare,Kare,Tsaya,cache,0,,,
970,2026-10-03T02:41:55.264Z,s3etl7,P010,yes,glove,gesture,ha,10,72,Stop,Kare,Kare,Tsaya,cache,0,,,
971,2026-10-03T02:41:57.183Z,s3etl7,P010,yes,glove,gesture,ha,8,73,How are you,Yaya kake?,Yaya kake?,Yaya kake?,cache,0,,,
972,2026-10-03T02:41:59.644Z,s3etl7,P010,yes,glove,gesture,ha,8,99,How are you,Yaya kake?,Yaya kake?,Yaya kake?,cache,0,,,
973,2026-10-03T02:42:02.525Z,s3etl7,P010,yes,glove,gesture,ha,8,99,How are you,Yaya kake?,Yaya kake?,Yaya kake?,cache,0,,,
974,2026-10-03T02:42:07.324Z,s3etl7,P010,yes,glove,gesture,ha,8,99,How are you,Yaya kake?,Yaya kake?,Yaya kake?,cache,0,,,
975,2026-10-03T02:42:09.303Z,s3etl7,P010,yes,glove,gesture,ha,8,99,How are you,Yaya kake?,Yaya kake?,Yaya kake?,cache,0,,,
976,2026-10-03T02:42:09.590Z,s3etl7,P010,yes,glove,sentence,ha,,,How are you Stop Stop How are you How are you How are you,Yaya kake?,Yaya kake?,,natlas,3041,,,
977,2026-10-03T02:42:11.524Z,s3etl7,P010,yes,glove,gesture,ha,8,99,How are you,Yaya kake?,Yaya kake?,Yaya kake?,cache,0,,,
978,2026-10-03T02:42:13.503Z,s3etl7,P010,yes,glove,gesture,ha,10,89,Stop,Kare,Kare,Tsaya,cache,0,,,
979,2026-10-03T02:42:19.618Z,s3etl7,P010,yes,glove,sentence,ha,,,How are you How are you How are you Stop,Yaya kake Yaya kake Yaya kake Tsaya,Yaya kake Yaya kake Yaya kake Tsaya,,natlas,2097,,,
980,2026-10-03T02:42:26.645Z,s3etl7,P010,yes,glove,gesture,ha,8,99,How are you,Yaya kake?,Yaya kake?,Yaya kake?,cache,0,yes,yes,2026-10-03T02:42:31.474Z
981,2026-10-03T02:42:47.852Z,s3etl7,P010,no,glove,prewarm,ig,1,,Good Morning,Ụtụtụ ọma,Ụtụtụ ọma,Ụtụtụ ọma,cache,0,,,
982,2026-10-03T02:42:47.860Z,s3etl7,P010,no,glove,prewarm,ig,2,,My name is,Aha m bụ,Aha m bụ,Aha m bụ,cache,0,,,
983,2026-10-03T02:42:47.864Z,s3etl7,P010,no,glove,prewarm,ig,3,,I am a student,Abụ m akwụkwọ,Abụ m akwụkwọ,Abụ m nwa akwụkwọ,cache,0,,,
984,2026-10-03T02:42:47.868Z,s3etl7,P010,no,glove,prewarm,ig,5,,This is my work,Nke a bụ ọrụ m,Nke a bụ ọrụ m,Nke a bụ ọrụ m,cache,0,,,
985,2026-10-03T02:42:47.873Z,s3etl7,P010,no,glove,prewarm,ig,7,,Please,Biko,Biko,Biko,cache,0,,,
986,2026-10-03T02:42:47.877Z,s3etl7,P010,no,glove,prewarm,ig,8,,How are you,Gịnị ka ị na-adị?,Gịnị ka ị na-adị?,Kedu ka ị mere?,cache,0,,,
987,2026-10-03T02:42:47.881Z,s3etl7,P010,no,glove,prewarm,ig,9,,I need help,M na-achọ enyemaka,M na-achọ enyemaka,Achọrọ m enyemaka,cache,0,,,
988,2026-10-03T02:42:47.888Z,s3etl7,P010,no,glove,prewarm,ig,10,,Stop,Kwụsị,Kwụsị,Kwụsị,cache,0,,,
989,2026-10-03T02:42:51.245Z,s3etl7,P010,yes,glove,gesture,ig,8,99,How are you,Gịnị ka ị na-adị?,Gịnị ka ị na-adị?,Kedu ka ị mere?,cache,0,yes,no,2026-10-03T02:42:58.154Z
990,2026-10-03T02:42:56.880Z,s3etl7,P010,yes,glove,sentence,ig,,,How are you How are you,Kedu ka i si dị?,Kedu ka i si dị?,,natlas,1622,,,